normalized_area,obstacle_density,min_obstacle_distance,surface_flatness,centroid_offset,circularity,label
0.38857904703670454,0.4566974595065162,0.03385519931373501,0.21643957307590753,0.4356713820007308,0.3072621478126,0
0.6623738038749524,0.024249546166856522,0.5055778591558883,0.9855542244621074,0.25585098233334197,0.8640065906391671,1
0.6349356442713104,0.021446264472842064,0.8815085833999661,0.7060740386989647,0.030463953550396886,0.7664763061392776,1
0.18881072667026783,0.3143677591622901,0.057807974171726575,0.15173753182329233,0.570404309166368,0.46086127877625704,0
0.7395846561051489,0.13201515286133267,0.5407001677019856,0.8003044636139787,0.34881238838538675,0.8627659320303501,1
0.20394842938861735,0.675390473656366,0.26120277361953126,0.4679602031869744,0.7839981823963779,0.3575418335335345,0
0.38207792632891646,0.6874350260106322,0.07766230692215992,0.28077009388147833,0.5109723202566636,0.2725665051587692,0
0.9420130301141908,0.05786210324541605,0.9328457562250032,0.9486930779217723,0.10928989389846205,0.9266160389569942,1
0.6998450458505885,0.13234461085875213,0.5208380157703132,0.843321609702587,0.32822703257471897,0.7535628467140572,1
0.8522204554172195,0.12338242241964886,0.8848294798735001,0.8067028178776045,0.18687693032082434,0.6529878733215224,1
0.3182368798572377,0.34806343596576134,0.38756305234071314,0.4483444939365985,0.5944447288128112,0.5387892263684566,0
0.21315190845159254,0.8740322603336099,0.18545060289190554,0.5555602506959788,0.7743369970012539,0.3341456317861236,0
0.5684010568087011,0.03403510001876249,0.6985035687321687,0.9086125504870559,0.3782352412557627,0.9438351406823784,1
0.6896838298450644,0.1320973472521812,0.8978640156236526,0.8905169953174704,0.31463153715319153,0.8168592706292463,1
0.11095679155761087,0.8317027764335958,0.30895202556924345,0.4903496520858144,0.6915381272548687,0.10319343962269924,0
0.6233618039413735,0.13892213607445383,0.605969414138605,0.9806794101050589,0.3863266147047269,0.7602364886706938,1
0.20422891644255825,0.7312308679573214,0.3280597567282849,0.30556363912968965,0.46309991167733666,0.5255994237608563,0
0.8740453578716723,0.047904254240097525,0.8544556204406367,0.8506218992561418,0.17014974489237122,0.6532929962972883,1
0.25940162027276875,0.8279487760362088,0.071084702400429,0.22290929351128733,0.4283806289344158,0.3666173472557185,0
0.29313473304267484,0.3059464172946922,0.08428151966011968,0.254458861421883,0.5697718317239133,0.3332457653679206,0
0.3424046210439348,0.33229831494507545,0.22426525458333157,0.270785193515784,0.4016696663038243,0.4239817927162658,0
0.5597263865725816,0.06073514587632863,0.8382467661135904,0.743861580333131,0.30919436029529757,0.9667547248954402,1
0.3068948375777643,0.4177474300236994,0.04680354228532349,0.583367113767554,0.4534318172630997,0.3683771198616077,0
0.25102153726633414,0.563913383828301,0.3853892782122752,0.4458217009866591,0.6737970733418914,0.5200547973624335,0
0.8727338957069055,0.12467432447438795,0.8444469275159245,0.8928456220080386,0.3980313317070614,0.8700596391308671,1
0.23296574181176255,0.8974406712307939,0.38437131181235584,0.4332036523474595,0.7862976858440831,0.1296234295134192,0
0.14200176760892289,0.6948613308338953,0.09296611220121397,0.20872646610861798,0.6457896262748535,0.2880858286062492,0
0.6932650872131362,0.1330081980897221,0.7310451927849553,0.8938860675496451,0.058956066345260294,0.7011253526773361,1
0.8805829864430966,0.11251148409733855,0.6703982267993299,0.7121871557997075,0.38485152967406994,0.7577909523105506,1
0.10236131832402315,0.6470158578699241,0.3259662709969432,0.43761541878101873,0.4543864397130821,0.5191706741135168,0
0.12960362787079277,0.3041893571282089,0.16611600920838127,0.49565535715633346,0.6872665295739377,0.31735635077977775,0
0.3099342894549902,0.5937864456192197,0.10046342757991943,0.5194196683826352,0.8319023069796386,0.1588965123491092,0
0.4089795185066963,0.44024447522204657,0.21447657349640264,0.12582867855732052,0.6511217186147022,0.1163533367423091,0
0.645824756266789,0.1415764973058865,0.7777641961147488,0.7639774662862512,0.06217927754069964,0.7319665908852585,1
0.615173770832572,0.13801767242949436,0.9244191024072357,0.9395336816853437,0.15117303922779998,0.8173296834237771,1
0.6535119926400068,0.02676669845469517,0.8652915156526395,0.9734919929459651,0.18736771311872114,0.8935020449954201,1
0.6677795568278343,0.019390706834379847,0.7386438867240451,0.8329071860433104,0.09937543512196222,0.825726341917274,1
0.4241832499005006,0.896598181611429,0.08135012069250999,0.5396965284035977,0.5111593597487585,0.2191673448002435,0
0.5593087742943303,0.01719961388779505,0.8081463202127677,0.8864357539170252,0.08298491633165926,0.7119483938784432,1
0.372222487958965,0.8645281017355226,0.23051743709118974,0.5638728665377036,0.5757555975982531,0.2044353600397743,0
0.8546042526869888,0.0934777829874874,0.6668343316347114,0.7139614224337224,0.2717249244464059,0.9769241218317026,1
0.5953894084962357,0.08598142206866345,0.6877191375928451,0.932766559840756,0.3576904505008515,0.7454318572776635,1
0.6283931449676581,0.06083152149580891,0.7359653824358897,0.8335564542095006,0.25796904214000427,0.6754032241314389,1
0.6467409163601807,0.14261966754565414,0.7178189798641468,0.911557386309195,0.29130200035250414,0.9104666399454963,1
0.6614585856946446,0.09739331942795888,0.5192524118779915,0.8258656161904238,0.0450837407732918,0.7999339896123262,1
0.43950307242749154,0.79773762940983,0.38930121450368416,0.4590340806004304,0.836879563491009,0.15895657839270955,0
0.5912495475343731,0.03591861003740675,0.5920963158649966,0.9832720952680911,0.3211861441895857,0.6721944516092314,1
0.07502248475620729,0.7958044865701122,0.15803703363680788,0.5140929346617265,0.875559813311723,0.4878297204826735,0
0.8949454834986981,0.09876079843394557,0.8777136254025416,0.8951603204943854,0.16605491463917124,0.9435413726444418,1
0.2047809589509585,0.3306901233722386,0.21951874929324616,0.5109196613764513,0.3827055664482317,0.38624753558962843,0
0.4217291080467285,0.7141937081404375,0.1548229700694277,0.4659363686432504,0.507364593088991,0.45669811453822773,0
0.8098531596188858,0.017666629435084385,0.7170555335760489,0.7063287850648919,0.3402305228210109,0.887184073891665,1
0.5601676506976381,0.03161078013838832,0.8054865197809455,0.8030615249188644,0.3926809505617032,0.6527455809349734,1
0.3944135137361183,0.5765390029239492,0.23192170265047202,0.10373157020860971,0.9192742986151509,0.40469220315264,0
0.7988346800911494,0.04637250134898237,0.9585606495218856,0.8246800124431429,0.29908869418872475,0.9765188732184686,1
0.7743751886141546,0.10521970804644204,0.6157766996477799,0.9533725921052401,0.19545213464898525,0.8168178909286551,1
0.5891336642604006,0.09071230657199549,0.7520784241601889,0.9488713454155775,0.04872991543436529,0.8658638032191983,1
0.22689675840173046,0.4699706420955464,0.3112119409797679,0.595812171480614,0.8447102418799575,0.1211339900834503,0
0.22978345306412068,0.33722485017393256,0.39136785280723313,0.11997398664304718,0.7060978494931108,0.25975686976131107,0
0.42063062483703806,0.5850539237200609,0.23447830335630412,0.19329504843658377,0.6824595682374957,0.3301865383642719,0
0.8029223322374317,0.05364108949137675,0.60111785072272,0.8188724180119236,0.2886928613613453,0.657231398495753,1
0.20343135714600125,0.49251272564990617,0.19207342600804417,0.14210650558854918,0.489741103189689,0.5086376591769346,0
0.6468221086046002,0.12116352649784141,0.919243154279197,0.9706028660896318,0.38294377877084657,0.8642763671103709,1
0.8324968908625985,0.01914988771185193,0.97639208103602,0.7229010570353402,0.309183010928249,0.9563000923776039,1
0.6775902521175046,0.04671696620197551,0.5459429866496777,0.9427419263204526,0.18447008083959832,0.9067483302377355,1
0.4248183720084026,0.37990927540051406,0.11971518306593473,0.3027358381652092,0.39995459483037926,0.10164534010509219,0
0.1203426368189874,0.6003475904584987,0.35605050262908927,0.1353483040921831,0.8101093386906638,0.5429448904663187,0
0.442786739704549,0.8720417276292571,0.2362984559891825,0.37100764923986307,0.5309973449786893,0.3188822659912802,0
0.8579974212394443,0.05104068223654185,0.7973553660846149,0.8675020761055356,0.27746606163440224,0.8639449424591915,1
0.9295542149013333,0.08449588793714417,0.5149443597845654,0.9169412220345643,0.12959406637112336,0.6834530561925425,1
0.3214175540553261,0.36755427991751666,0.3164182730752165,0.5149697966062217,0.9313666383045747,0.13349278829733208,0
0.0502940258425848,0.5188934821246792,0.282673732238676,0.5916703842071133,0.874859637532396,0.46352415332198005,0
0.44806409970332617,0.6788752755498124,0.34111506658072416,0.16783073358018888,0.9177121363947567,0.2835524065510857,0
0.7745108790277985,0.04393736253811123,0.8309431851858875,0.7591703340423807,0.1668853925927506,0.9271345301992608,1
0.15521577489187885,0.779193468213982,0.0698894293618332,0.4433393058620647,0.7758422508806122,0.10905477483388332,0
0.4245635928474477,0.8607263284293094,0.1674296466711968,0.4261405564092231,0.7103208609238489,0.1873579467006875,0
0.16378615321255002,0.5464732859997671,0.09466504744336024,0.31065044081668236,0.813704050055902,0.3147158691950722,0
0.19768076725892542,0.7371937705419617,0.29331317621881614,0.480017450901587,0.5700331451562795,0.5345966997479292,0
0.7068976180398929,0.12649878491408387,0.8539313971461437,0.7356709555858862,0.29628156941384826,0.8395148997797697,1
0.8263750952409863,0.04209519533256981,0.7137465224012794,0.7751960600710743,0.39201282376642743,0.8691923970463595,1
0.06156034019123368,0.39857210596344556,0.05513081647408531,0.35161020742931726,0.420501104127424,0.1589859377671164,0
0.3103216287031985,0.8431793994063093,0.3874480355549599,0.5661334419604861,0.3794890342071062,0.27096593093290655,0
0.3824900047098647,0.32735109476920127,0.2664165316220901,0.5862841178248684,0.9124887034394628,0.24261085621834497,0
0.2864616383101519,0.3328396241549915,0.12602315033216271,0.5829183344037918,0.4770788899289016,0.15511663758263378,0
0.6192807479640061,0.10119885436926097,0.7723098654218736,0.9059704116007603,0.09441657197102261,0.8586891370283678,1
0.7542989210310262,0.032911832001198627,0.7391339438975066,0.7188075424000607,0.39917192515915173,0.9267023051681982,1
0.9143708737975369,0.06547388264637222,0.807596631051299,0.7252569023707737,0.3897697019294865,0.9712162643243909,1
0.5796178606936362,0.06569978386640382,0.9735980447682302,0.8474245586057212,0.3203937218244563,0.68494891545324,1
0.18233035797955005,0.6066681830937004,0.0975179493715672,0.32769745262397043,0.5091371135016047,0.5244895503433674,0
0.5680874680424758,0.09301159087783843,0.5279186218426284,0.9879168833097304,0.10523152364831713,0.9313406490111702,1
0.3780226400473207,0.535086536770303,0.19097859622216665,0.440125344165187,0.43666189049304655,0.29936798948582244,0
0.35322750422150206,0.7026077883197459,0.3459859577366458,0.5065710022408627,0.9104197946783835,0.16967920672910236,0
0.18824738765957189,0.6330802720519131,0.3862003717010787,0.438562131741282,0.4958747182536012,0.5264306463343003,0
0.12325594514280322,0.3516792834382082,0.30268397117481777,0.3175072971701117,0.44075857067760554,0.5326946752964994,0
0.7581230803615173,0.12908144207319386,0.8649391150986248,0.8721616294504762,0.1603266926819056,0.749798438721917,1
0.9159457560881794,0.034925035361765194,0.8228490167480607,0.8517833642985663,0.31709306807107557,0.8284986512665666,1
0.751254503432035,0.09407236046071146,0.9566736042591953,0.797210333737553,0.16750296832825828,0.7209211702220106,1
0.3070672114716938,0.3632900564766214,0.08414780219813439,0.4438846031828674,0.8322160711263814,0.4912935259866483,0
0.48821018601071725,0.600034955514652,0.18169215052330026,0.4165893374478862,0.7484073368405613,0.18951840090776728,0
0.05580386140528645,0.819621405027454,0.17414519858995026,0.4112734952311409,0.7778085751170445,0.47024210936454947,0
0.7793751552493144,0.015519753591590826,0.6556802014953803,0.9792150035514675,0.08182590264725503,0.7689408529566905,1
0.4397456954200256,0.8674498213355581,0.3920320995008336,0.30869147090023663,0.5113169269874039,0.45278733272751537,0
0.15094335148408683,0.769134547798134,0.07080434867178576,0.3980217977388236,0.3667046307575518,0.5206699181997106,0
0.6060336060946097,0.08341463770586119,0.5511646545478356,0.9338570489975234,0.10198145808705257,0.7883596481847872,1
0.7044410551203097,0.05979418030509288,0.7033943617514061,0.9839404320243947,0.3840149660015728,0.8600035129060135,1
0.33139857647950427,0.8652349316931573,0.08808228895025734,0.27937125527144435,0.723545238699669,0.2947451867686872,0
0.6902350235226388,0.032506385446763146,0.5720233590531124,0.8673879671530197,0.3454841450242122,0.8012823699633745,1
0.24405524140620105,0.8693884002282009,0.3151834061392797,0.5348479424258169,0.5051343581841475,0.43276359424785105,0
0.7698115529294942,0.07638999033204491,0.8312023475939195,0.8359427099847067,0.34225599404856394,0.8544436460119801,1
0.8140789506870925,0.13523731176517279,0.6687788898750245,0.9804667184251594,0.31654292695697256,0.902949966345753,1
0.8286948661456602,0.11792770852441506,0.6876348780346471,0.7616668691476178,0.34058687233969304,0.7926742547131046,1
0.7210164073434199,0.0913733509991657,0.5501925633605121,0.7545271730384706,0.3489193153373299,0.6836247232880691,1
0.9110211626718266,0.08586613263297013,0.65521834981545,0.7321089720646315,0.36500154163625537,0.6813229191511511,1
0.2434933463544769,0.37226840399793926,0.07365564414413027,0.4101174244805602,0.6536839116167865,0.5033155224122106,0
0.6239417822102109,0.079781907850068,0.7959921509699542,0.8872851356700098,0.15013023195719105,0.737211166842351,1
0.9397579230664665,0.11914182629934544,0.9622952535628034,0.7313274686979004,0.1815867104663237,0.7148956830344764,1
0.41931327234505067,0.5012229637304775,0.23270297130679649,0.37528531727068215,0.574011896619099,0.4867763390312041,0
0.8853314818844551,0.10173387728946302,0.8322374440131832,0.9388992114241754,0.16095758309995076,0.7052720594010555,1
0.3977471388492856,0.42529856129675403,0.3243567141857435,0.3231631799932806,0.576409086338187,0.48898134423747897,0
0.15349718928345824,0.8152188727467444,0.04221403515001326,0.34837171400299227,0.6530693334464037,0.4364433210542401,0
0.5685801650879991,0.0453411722081629,0.6964803230312206,0.7849183906432797,0.3575933954772989,0.8586531107004212,1
0.44818480296320196,0.348112054087268,0.081443930244115,0.19088179888059711,0.4571118735635592,0.4680835724571192,0
0.7333011561966066,0.04434887535538493,0.8746522473170537,0.8021887345167997,0.2597502802870821,0.8784784444121492,1
0.5705915004999957,0.13690609553503658,0.9740717905933077,0.7951758985467003,0.1747004658677385,0.9098377188282698,1
0.16692266207313478,0.49016557306036884,0.2511203231712497,0.12831277868877902,0.604876508798847,0.4895402663677294,0
0.746646350046733,0.04836773089620884,0.8403422056267676,0.9375284190198803,0.1589586843393211,0.9434122149002033,1
0.06886184752231589,0.7015314179549201,0.3895353282106029,0.578985533241227,0.7045197604370687,0.4851663353160841,0
0.7040390914407701,0.11499446585588488,0.7965666752965826,0.8405619232677136,0.16010872492862216,0.6880802319190428,1
0.8503484271165989,0.14303322953491235,0.5411159598062867,0.8585279838544586,0.39284757796967196,0.7321728829159997,1
0.8843920482048824,0.08728660531927722,0.5939734331281021,0.8897448401742389,0.0205143777718779,0.721830241861577,1
0.32374377500349727,0.6610840403672684,0.13396108533792375,0.10491377628489393,0.5342526460161492,0.1592692908428598,0
0.3002858116835052,0.8094588119752057,0.05162476515906747,0.5318948114825016,0.5421792454980454,0.3177086034622584,0
0.2716409213214302,0.5564799169000134,0.09782491544135961,0.3514377600327925,0.9443856423033073,0.5178284883747004,0
0.21046827919379252,0.6053364420419282,0.2245236387100206,0.4081453741770723,0.35509734716432567,0.5005993017495503,0
0.6864265404201034,0.10715278222539398,0.5784914588408109,0.7539694111754204,0.06670985781684728,0.6864425149256639,1
0.0845613717414897,0.3357703952067954,0.27015682701230354,0.16492850670894052,0.6799261526937262,0.247153045823246,0
0.42392712697478074,0.410903038768215,0.30476038592508364,0.4195539234973532,0.8516473404771685,0.22908099054124,0
0.7506065178748799,0.03186136363126665,0.8204448250705206,0.9524677432633419,0.12921564665692029,0.9210581597572292,1
0.24984660060797836,0.4408526530349828,0.18408669614095535,0.5025596043773325,0.3971059210721659,0.2702564117571912,0
0.16636621601065282,0.38302295683233395,0.18277368421616158,0.5761320072666861,0.4830676951601278,0.20648490916150403,0
0.14920070191043852,0.6421721632388343,0.1111315818385043,0.20585718607398543,0.7781644197580828,0.30946913759786476,0
0.7374642567976505,0.0662703279052939,0.6466516691158513,0.8248239489930871,0.03479338606375363,0.8779917122617715,1
0.8605651842967987,0.09263229336167218,0.5499726317043998,0.8625277829843275,0.11862587760691433,0.7573459040593767,1
0.09627916647086451,0.7256332930946319,0.21479379275921595,0.32134685098371796,0.3832158901630457,0.3704307377488738,0
0.16490136819345985,0.38113038822771284,0.14459591772693822,0.3893782381799996,0.9348560488017171,0.13497058827627648,0
0.1105593201968485,0.3663621593238965,0.3803804300597892,0.2171625328252634,0.8329801003290112,0.15965833486801706,0
0.2891547113851874,0.7582153616101923,0.13092624592916677,0.23177573974838891,0.499386139496819,0.17382861471940086,0
0.43164915575703355,0.6519743509701976,0.13691805400162044,0.3460008647160414,0.8935470027407885,0.2362454234278413,0
0.6050083776583973,0.0997606686039416,0.7846164086887651,0.9441607343696246,0.2661706294764008,0.8760943222585797,1
0.6882669133295453,0.09692817248744678,0.8265093340200096,0.7413523017837534,0.170690399156186,0.8411737739984395,1
0.5979461469334731,0.103127610897468,0.6096582758390234,0.8625914273806896,0.1319553706115534,0.9577944676838113,1
0.7843102325093854,0.016575235348507706,0.6972936655072183,0.8009030093588283,0.35825363221048556,0.7763235922640079,1
0.6970863212237735,0.06574361710273206,0.5712047364618027,0.7151547849929468,0.365778394664669,0.6563125589243047,1
0.8942922333025374,0.12133742366038461,0.87905528342839,0.8394821380669759,0.38383024723447656,0.676779228916959,1
0.3777668844528407,0.6128262128842448,0.19314682878715342,0.19415126245855321,0.7841207439986531,0.270714519191884,0
0.3571396067919747,0.5446668206436976,0.19921801877419942,0.30781389101457757,0.7783747687188629,0.3266612925568501,0
0.6125748170684344,0.1169048111823665,0.6168715023566237,0.7242045846469212,0.34188311425388185,0.9154832320025014,1
0.41827119115079087,0.801865315481922,0.046126484440545235,0.17193807769489008,0.719257349019756,0.461195309868499,0
0.48115310401374517,0.63208306572591,0.33823955745513434,0.5574174749984391,0.8073125067164493,0.24475886591558926,0
0.9206350500645977,0.024977289435774173,0.7100494995465881,0.92880569637703,0.02433883371254798,0.8114995373441742,1
0.900661441063338,0.09660559295012579,0.9684194023568258,0.9099521860851671,0.3699779180166988,0.6975459993843559,1
0.7773234413341886,0.0106484832206444,0.7434727081704283,0.8624487732039341,0.3589114150280792,0.7032497243482766,1
0.24936516785192875,0.37349871717959354,0.16990216851876586,0.34264531703085765,0.9024538706328402,0.519599790269808,0
0.604548590234708,0.056916639596279864,0.5470796387764374,0.7855618052197053,0.14753197262254023,0.6688029799091315,1
0.8925959364753289,0.10310513443647576,0.788773673670239,0.7503908620093657,0.27616951230370396,0.7902007781464687,1
0.3640247534773265,0.42254526382105734,0.1738880632029516,0.18739249394168297,0.8255238605728019,0.3403162509420955,0
0.8404365334890647,0.0689994370829497,0.6824938970172114,0.9300457916270938,0.3126601204676965,0.7226367375485685,1
0.21248362685346678,0.8076745263181391,0.3246992640120663,0.27111276238945226,0.5474442676764367,0.3400994950991108,0
0.8267580790770772,0.12744573210243076,0.5537214173109094,0.7181694290020527,0.02145157061026158,0.8723029877667196,1
0.601663766060598,0.09293708985233246,0.698782281213885,0.8214948591543678,0.03612047331861884,0.6706463979324191,1
0.4672057018390022,0.3516192942197659,0.11384524345691917,0.26049852282044894,0.7260997426490403,0.5214565981318777,0
0.854647846131487,0.084684552876685,0.7024260448992585,0.8221619354552808,0.13383495762247208,0.6711220943808449,1
0.23503886999714563,0.6328122148730204,0.3018183692317178,0.12465449355491234,0.642424884752747,0.13333370824470148,0
0.6639361977509871,0.04250977732055442,0.8564991301759909,0.9286983397549978,0.05366979130847804,0.7387216597461239,1
0.8049719605992827,0.0916258185357569,0.663798957260555,0.9018107442689527,0.026440112658040776,0.7559835103698647,1
0.6814658181479664,0.08951233227736811,0.8176828111277017,0.7816411475403297,0.024599184374920823,0.8659328618125974,1
0.06811610135415445,0.4323906357730491,0.0695341894164409,0.13364230646075728,0.44856226967355683,0.26298172125736824,0
0.7150470707645706,0.10725750591961973,0.9758028769770504,0.9630865589046906,0.3928346180808924,0.9463133316960297,1
0.5777445203500662,0.07664705630787394,0.71684848579387,0.7942801644751927,0.278255726439341,0.8792315164349301,1
0.17647238757510014,0.6490419884527121,0.26426212679239747,0.3045912937292443,0.37109555016271645,0.48643523583831116,0
0.40721814675861784,0.697388243238432,0.2713102179989953,0.305471276175055,0.4188451750029151,0.3018846662279804,0
0.8238924690215517,0.14928709517050093,0.7109656105437968,0.9702085786355168,0.2185538688125236,0.9461307357110076,1
0.6982568588267564,0.09762479270118125,0.7993211302413247,0.9886768796954799,0.3813528659109684,0.9785582661346315,1
0.3211022488849645,0.6896272921419735,0.361714588949897,0.5899777236791393,0.9380032779180901,0.20290183812307153,0
0.7801896711503515,0.11332470629969185,0.9320110992310453,0.9171596377193588,0.043637225942587045,0.8676385536514541,1
0.693386291417709,0.14572586065855164,0.5683978605927263,0.7862890508824579,0.06743190930740235,0.7010934421572476,1
0.14661314935850994,0.411166110200124,0.3906559397202032,0.2558264583273244,0.7684589703423155,0.4716497018920667,0
0.641519266196649,0.045649691666926936,0.662936092420547,0.7948101687380429,0.341848164598683,0.8445198165299501,1
0.09511050367529449,0.5401877017037965,0.17443828389812707,0.18180810206913814,0.6006251401837854,0.35484529607493953,0
0.4870179083157286,0.408535140827339,0.20611862983553147,0.11330418303884207,0.45007240111020447,0.28732821784495965,0
0.6246074041599418,0.1327471891466449,0.9363356099195077,0.8050482780791636,0.12678170958531115,0.6847797619755758,1
0.13398797290895714,0.49224077168412894,0.1613765557686388,0.4422176805346537,0.5133892383086496,0.3437921439734569,0
0.6107610774049178,0.10914409241033941,0.7488358505336979,0.8996374553627197,0.347803379036688,0.7148183412377658,1
0.8683170677744404,0.041076102670612916,0.7090799911102078,0.9238836181298972,0.21602752303068468,0.9112142068551521,1
0.26533776646378515,0.5064549707096653,0.03495751433149721,0.3461835243506245,0.5964898373404566,0.4101756945516267,0
0.21854670952081157,0.6266069325805927,0.025026948904011713,0.46823658730953643,0.9373684135127971,0.2115155993081081,0
0.8733589392465844,0.07263773135528363,0.6768926449874053,0.8903787961261358,0.16800312006291973,0.7411853057937317,1
0.15661999620799189,0.33513918317072033,0.08846028613839532,0.463509263507067,0.5049360879559898,0.2392158529360058,0
0.07268754812099415,0.4174275840597894,0.16789927507690675,0.4889924857854684,0.8990832922429376,0.21013528583661728,0
0.5968268065710424,0.1260481663810948,0.7161780494039288,0.7869765423370255,0.031084510185200497,0.8436890471644394,1
0.7510716092915446,0.0860974005559584,0.6780986062326093,0.7427612327448223,0.1748663517923237,0.8699328056838558,1
0.6246280235544144,0.14510376749331175,0.8511629704425593,0.8719828569141674,0.2012005179607705,0.654536032823744,1
0.8010232320336254,0.13307656305870305,0.8947906705444932,0.7132381361956912,0.04704014836590447,0.954031479030282,1
0.8868475692542834,0.12333225046148291,0.5485019892851104,0.7897180881802068,0.08901330774750901,0.6833227752498612,1
0.9387128330883843,0.06277222011948705,0.5147132010587869,0.722346900948956,0.3121906572009036,0.6725913773800808,1
0.9087153639624047,0.0164038847337518,0.5200029922891445,0.9581281402033044,0.07005171086005556,0.8115760724765808,1
0.3798500482501804,0.5386760645574589,0.28876598652415353,0.4231549668286907,0.8518638424256739,0.17412890323647778,0
0.8069677112825262,0.06363939395492964,0.6017815231559488,0.769563492699224,0.13039171215513976,0.6754006508956885,1
0.7318164259071093,0.06846130860988996,0.8076665971257593,0.8370230729518889,0.09868880750012499,0.741414133027573,1
0.8190073824308153,0.13816836166232585,0.7677360403376119,0.953098613474177,0.023434618250131028,0.7265659995019076,1
0.387619593772479,0.7210429643263543,0.3226474133789214,0.403662208396533,0.7238827122486953,0.2854079825282454,0
0.8520549022694476,0.13205809388433246,0.5526733753652017,0.8548505670388515,0.12414720395003259,0.6771498670114304,1
0.41660195211949513,0.5416436908480985,0.3744897222481206,0.1920506616804785,0.42228909346308074,0.13235802279240053,0
0.7475182385457563,0.09548680594182855,0.5960721172375089,0.9125906758486056,0.20708368240044914,0.8719119643482596,1
0.10893818434737834,0.3835524424708224,0.39381040161947767,0.3829258937053359,0.9203021369534808,0.3942973996391118,0
0.2980219828623674,0.6958141637582846,0.13920718740771937,0.23339727471691543,0.49300232637679814,0.5020794871269931,0
0.22786669194402098,0.8442251762490132,0.23006965277297264,0.5254263786610477,0.5600041210839072,0.3263826701222241,0
0.2452297652848599,0.5651002228811728,0.29174750753041745,0.4626631953679391,0.9419416944675959,0.20453034434340372,0
0.4886107682218482,0.3922702233079297,0.3653540691324077,0.15351456710551906,0.37251719451908183,0.3010474714778231,0
0.4124445481849938,0.7700323319975031,0.39351981423078636,0.15007749875338347,0.8794647148085489,0.18404763770400823,0
0.4156132194698772,0.48469149001567147,0.14998638516987103,0.17495462662356984,0.5124101625810387,0.4466970112565517,0
0.1280732226597599,0.540877067453426,0.24835928412433322,0.2646896346510379,0.5438871303676504,0.3852024781362795,0
0.7477681218810326,0.14594815432315147,0.9596601365625825,0.7701492101950633,0.10438883086346182,0.6628495455069296,1
0.4617773296327501,0.47291071557571773,0.236944680425815,0.3822970406451608,0.6411600454055729,0.11700302796805587,0
0.1723795517291894,0.37221814572599166,0.11834111517851913,0.13931335549487903,0.682772294726687,0.22720031224352158,0
0.10021684998076136,0.5864497136882123,0.11024365596436592,0.45078263280147113,0.6264036749929959,0.1284640340044058,0
0.8389808461046021,0.0686495629306367,0.5143873231388855,0.8013568479051774,0.2732264571597185,0.7272871124056903,1
0.6079579488364892,0.09787912742999849,0.7105354012110034,0.8734853352784843,0.3271293798035044,0.8828020739935505,1
0.7863333042276043,0.04404410673992357,0.7153729388588147,0.8103218021771931,0.17363010395685025,0.7171460050242067,1
0.16386185341411397,0.797225390290804,0.040751915221118235,0.31134330982871283,0.5108283124271826,0.4503321460277486,0
0.8543140194467589,0.08106545301582369,0.7724196071655479,0.9320205809227562,0.309483312723525,0.7816816548220035,1
0.9101672228653321,0.08082441504382523,0.5814837944420196,0.8769652933485159,0.22995036761499785,0.964428955610827,1
0.8933651007372048,0.138423900564714,0.6315971199487068,0.8335038986485586,0.047770993570265693,0.9223871691609029,1
0.20970395756894933,0.5376005798313692,0.03395091852356533,0.4907310443773546,0.6505259635337595,0.23651392699637672,0
0.6101667564414113,0.02813208897959258,0.6148064500236443,0.8191961118270082,0.1351137441433631,0.7195617235115095,1
0.8348716885390144,0.13178549068869794,0.7549613734404954,0.854401997859813,0.14018265689713658,0.7257673930488097,1
0.8658472571178215,0.05162886103215711,0.528868324448377,0.856802558227024,0.10689717624937134,0.855835218005123,1
0.6823592099410597,0.03392426223460921,0.7686313680737187,0.8845244926539819,0.3787359956536512,0.7168687692646633,1
0.18377924192659695,0.48147979047688183,0.10676587590007212,0.5643817106027462,0.8071606254458582,0.26038213113234915,0
0.22088818531369286,0.5028506456197568,0.2845103473954749,0.44668876925942624,0.6764651743636811,0.2139405235164895,0
0.3456637242053483,0.3871960154523025,0.020358497801699814,0.5559092847697235,0.4686141818686925,0.5451759752978733,0
0.6583329005048297,0.06315693714341736,0.8671439655402216,0.9852212270874143,0.1314572720966146,0.8031987115139443,1
0.3467776917430972,0.8478248801339137,0.11490278810715499,0.1488050190544958,0.5952197373625603,0.39211928417389275,0
0.06370865883903205,0.3971538039793282,0.2585141733203473,0.4520157262958284,0.8589218771317373,0.20771642635392087,0
0.8898589562709646,0.1291689679668276,0.7158966314342348,0.8323085875971071,0.31664005262171174,0.7346328101355328,1
0.06571019869530072,0.5323646468549048,0.14721983591845808,0.25845206886031236,0.6936635058422653,0.4359034579857013,0
0.31005100071233976,0.4297996665784962,0.32848655297333684,0.33363049800375133,0.831095539925309,0.5223014381846836,0
0.8045641645055122,0.017255295155139766,0.9493818781969712,0.7015165879274446,0.31052056196879274,0.8969668353931564,1
0.09219943681565743,0.3125604706960399,0.22787723133391952,0.39807132477494844,0.7335210976339759,0.38771866024424906,0
0.6757423924305307,0.05712459894714888,0.5249462161527068,0.9206873204081472,0.23794100155311784,0.9518010590700244,1
0.6815006441150033,0.14048393477140245,0.8058567088679747,0.8249857139488559,0.33050869396592236,0.933732242687843,1
0.41065059930032916,0.3760944135302513,0.157750754121975,0.48312273638018943,0.6810274232119802,0.34988312139768163,0
0.9213274250350901,0.06804737732178331,0.5850318989347453,0.9096161479304603,0.15681917704237175,0.7066589895427984,1
0.6780198404122447,0.12291856070060295,0.5333234445181249,0.9145721950224097,0.21815466271415934,0.8969006909761192,1
0.0778138073101502,0.3132396892093745,0.19671380700394578,0.4194815109866423,0.6558356451729077,0.25181158526077585,0
0.93505936587117,0.06731763130677365,0.5087516396846535,0.9592570159022824,0.1612609320644055,0.6527600150193629,1
0.49430127136079566,0.5420885814161998,0.1518444011434826,0.20045566984276122,0.3535188367322968,0.4990741927610317,0
0.35583493207781464,0.8490009226485165,0.05137742005340533,0.4884106836201405,0.36489032686708944,0.13170730495013125,0
0.4591288688241136,0.659137795930656,0.039480114486879304,0.2925290278594809,0.6741303600671711,0.3510456326100485,0
0.7002331810559776,0.012759475285610982,0.7613547670212077,0.8345400992755765,0.02558348768888246,0.9321414264552865,1
0.648939240697279,0.0793205137819564,0.5934188056739672,0.8070253763106657,0.2418336565953624,0.767255516996383,1
0.8634612050964572,0.14736606492383927,0.8768079410417873,0.945225265267073,0.08195342803400459,0.827547492770088,1
0.3302390314579285,0.44811421655743977,0.057840291145211,0.4279103836636964,0.6728567984726668,0.29220060088870037,0
0.2045240159799399,0.6483871355457804,0.38178372972282104,0.5171623978746993,0.3812142530176681,0.4475204005768777,0
0.8352979148891979,0.06956110140629834,0.563703561940669,0.8164333515997736,0.09722477461271317,0.9660017349776597,1
0.4627706299599563,0.6576300694565702,0.1259038400528398,0.5922879481880565,0.857197985413236,0.4619684863619653,0
0.22635975332475905,0.3374587963666682,0.10313324919613429,0.5930883986418474,0.5613385850424472,0.4626576291400487,0
0.8640703845572054,0.061647909539768134,0.8064924548787611,0.8537876186422559,0.3620316095462627,0.7733939455142285,1
0.4863756347590897,0.7105885493552069,0.05349108377114277,0.3988411677617295,0.9187139403521964,0.45986133790125605,0
0.23121667444755212,0.34091197185927763,0.10526553232392229,0.4225750416504517,0.8790253817831508,0.20513114364185497,0
0.42555730561503247,0.8615623489491357,0.30041255221954416,0.38867670060983384,0.4181876232180316,0.1339871887116491,0
0.8130451569201373,0.12239948280372158,0.6517549303888402,0.9793843859219296,0.31979433927488277,0.8199280054713756,1
0.4762226583051115,0.7970632025633946,0.37190263273094093,0.2551176418723524,0.4259822753110246,0.30670570457777024,0
0.6903660050208315,0.054674066254055784,0.5464046958304254,0.786198964235499,0.18290676797484476,0.9352629714665601,1
0.66274190990936,0.09355799884836448,0.7624147581027536,0.8486698784120653,0.09949047685501257,0.8806531134008373,1
0.5803453312434657,0.10630400112211386,0.8056014474402595,0.807640002796912,0.03963411423002522,0.7998166706959007,1
0.7215976109500073,0.029154608328654595,0.5381212971147136,0.9507234467615743,0.2564904405545535,0.9288075447592256,1
0.6927013306774357,0.04321175084303923,0.7185056715592646,0.8580578064801121,0.23636339724926744,0.8558040968357878,1
0.7374772639179881,0.08712003188527949,0.5299000631024301,0.9769675483306468,0.36273727476467704,0.69860093597219,1
0.717840024971116,0.0986869507756606,0.8854524309596784,0.9557590499083468,0.11370938129164936,0.69630709100386,1
0.9271638815650076,0.060236267777290346,0.967900717830456,0.896175701795645,0.30039041705338143,0.7160930658963166,1
0.8772059063689972,0.02956813272768053,0.5874165995305757,0.8705786574150333,0.1000678862695372,0.8720476506373663,1
0.1864786508821773,0.4683604879427496,0.1643002138322265,0.128501193775967,0.8558869190178472,0.17043814603708357,0
0.9121527905677054,0.04495352124028603,0.6121817993170079,0.7847432868339503,0.2012220404578286,0.7296938401347663,1
0.8896893641976711,0.056927613830426126,0.9482600084133943,0.8924990089909208,0.1390722086823544,0.8916923461892651,1
0.15416384619438417,0.5751111373122093,0.2770313801858023,0.5550980620723482,0.9024625097816452,0.4687292039349218,0
0.6531766510860623,0.03542368035219959,0.8152335989798203,0.7387091920006237,0.24262861961233728,0.8199518677042086,1
0.05861996849806381,0.7818071289157924,0.2822178175955909,0.557549227245015,0.36268989400964974,0.13273131779973843,0
0.600824205060754,0.10353191911989044,0.7896553248230613,0.7832700078445268,0.3861297115372836,0.9694617179767504,1
0.5975271665072288,0.0978507648505718,0.7146572194423211,0.8260328286490264,0.08658427340021439,0.8640508557337091,1
0.8518171496338729,0.07244080821411379,0.9292116198387768,0.8103161592014188,0.0922409069178165,0.8403117916230596,1
0.3170576222171257,0.5583214925478222,0.38729220696460676,0.2946948898334367,0.39524730559567295,0.31889907421384356,0
0.7580654004447973,0.10917081674010486,0.756948863097244,0.8844678534587672,0.3344524015518241,0.9152556138595468,1
0.7322627011142852,0.14198244837891758,0.583922541084998,0.8771262206119728,0.14623259258392973,0.6779065747720885,1
0.6283164539157187,0.0892966496415656,0.799452475844755,0.8960914930018758,0.21022935703878887,0.7130057730736423,1
0.8032405829093072,0.09560359296085068,0.7494914953068885,0.7392526838605288,0.21766455907808543,0.7578250388699135,1
0.8958889505020213,0.04636552972644567,0.7953053303508852,0.7148292606182092,0.16941417639061046,0.7951143605476099,1
0.7052679704826088,0.021591813509517704,0.6696422620653046,0.8888327996156855,0.07597515682600874,0.9127596786786516,1
0.9449104517259778,0.04718400596241885,0.9721658841264385,0.8223301717762611,0.18059909486517145,0.6734415133845207,1
0.30376380504003064,0.5513818642677146,0.14761021856378312,0.3031661154818839,0.38139971438039766,0.42415001612469694,0
0.8737444621914054,0.06226330427916541,0.7721678052736005,0.9194579366497041,0.26503638952847924,0.733579886562496,1
0.9288994309535434,0.09622084634552262,0.8625298018384677,0.851219249822641,0.15570604053419107,0.8643379468034577,1
0.7196888036987905,0.14146947779180546,0.6262940335572046,0.8940680762520428,0.0928053193792338,0.8735854325816159,1
0.3351702198944881,0.8572847764127312,0.13522351786081518,0.5940069810327108,0.3554589087684656,0.17298251758354483,0
0.9444004255291483,0.04261432646550872,0.5613024721449127,0.7184558636931262,0.31926865262633614,0.9154566396935662,1
0.5706726884674431,0.039104075720443825,0.7491592568653846,0.9653761198380425,0.21809249810857279,0.7930458368093594,1
0.14068777010284078,0.401315078022237,0.20054117867409743,0.3530223462059183,0.681012780683877,0.3191871449456102,0
0.5903112005509707,0.10291396315077073,0.7815720623242275,0.8990348870389682,0.048970902829954505,0.722176152289316,1
0.2095997922432873,0.7152303318238469,0.1863323934747457,0.43809787317826965,0.7217495556962521,0.3825814309043085,0
0.7727205049833401,0.03669628089291332,0.9468553738433494,0.8940164778254414,0.178271684123474,0.6971378483887295,1
0.1226153112747724,0.46149694259497753,0.12745087368283747,0.1818644789395855,0.8641700779216328,0.37967829001213793,0
0.6659005811655072,0.1164319003845561,0.5384551262646441,0.7886252224921623,0.04373388557524715,0.8604371214756588,1
0.5637554084460874,0.03960272097951625,0.870042485429145,0.8274274470113911,0.3095226887898506,0.6873901565600632,1
0.4701872403506615,0.8955087720971828,0.29649983232588173,0.1087491069936943,0.8700928914130934,0.171727698147131,0
0.8829770563201687,0.09790605452872707,0.5785394341720012,0.7768634642142511,0.20452408587057117,0.7512362778423066,1
0.2230749841904457,0.8534605701936748,0.24822161485511168,0.1941160998845228,0.4546990918387731,0.5133346886994046,0
0.2440857678534566,0.6595795722038332,0.19064983537125282,0.24740861917338344,0.8197541685545434,0.20337232765745428,0
0.9130265895704373,0.018872495866187486,0.8403490493364398,0.9162627969920574,0.09618031590079307,0.7353748419112955,1
0.5536788206466519,0.11310219298746119,0.7278228203599106,0.9202254961012095,0.2142290729101473,0.9265097637010952,1
0.4691997114392665,0.5899765709797952,0.1897560581070034,0.1641749633073474,0.6662045747489203,0.22926596269468047,0
0.12398248808549543,0.39802005503905213,0.38371123636512255,0.5181892887051996,0.3835558100769354,0.4965838955263413,0
0.8502459006563433,0.04449628465347495,0.7055358151642951,0.9286497295434566,0.3815433279374963,0.6628631758181731,1
0.17538937840176638,0.8780879684845966,0.09224893120110816,0.22381582153571936,0.7178697434415449,0.4631981591437808,0
0.699816047538945,0.033650908830103035,0.8639663340459308,0.9773854055068492,0.14942958330089082,0.8719919880889363,1
0.9344762255295657,0.11066642672579435,0.8204239516599059,0.8839012201057637,0.22127069509933556,0.7570888940578628,1
0.359620500683358,0.6432737782333238,0.15044468584449033,0.18342428910278882,0.6300098934985185,0.4141317458815308,0
0.20528768548095516,0.5377875752989323,0.16698675197971438,0.3372174570735871,0.47298753969554647,0.35284463030868096,0
0.06772632516176874,0.8981696504470018,0.10580002981723907,0.25518544455406,0.754165899198017,0.5301910264717326,0
0.8732481518257668,0.06765772798061759,0.892302929581997,0.806809763846986,0.21396434582160823,0.6801591904894863,1
0.9498870693144522,0.0794226029110279,0.7994700014199865,0.7172621631008538,0.2711854166139817,0.9134367550790317,1
0.23091224759970835,0.3233747078090785,0.11790015953014109,0.1035459063871855,0.6516700651080083,0.19857662787694752,0
0.1268187634906161,0.6035589925917351,0.1501846114682301,0.30557216823999356,0.5865142967599447,0.18024918059269734,0
0.21762901919905964,0.7858050217595336,0.038850245172803444,0.3643536599420263,0.8313642182884866,0.3682287689952678,0
0.10341909297910015,0.3588046108684446,0.29787522395200255,0.564277766447068,0.431375969604388,0.48276108878796975,0
0.6999482318094816,0.11326152222244479,0.9086839797176459,0.8830791903966767,0.24043375717439275,0.8826959180382858,1
0.5839350856340768,0.08552878093254719,0.7591794225346686,0.9304277008230551,0.16913411076720242,0.7628287417748119,1
0.42513980471382756,0.6291530490328131,0.15186088745663598,0.4141735587747222,0.479277744365438,0.3852502578245989,0
0.9362528132298237,0.025004081587568644,0.8128000761804248,0.9354132385461399,0.38523148445488536,0.7416914161096051,1
0.715927800935066,0.02217814638759742,0.7445226215118991,0.9381475019395656,0.32654353748400095,0.9711153433110584,1
0.06289359240994453,0.8278514413766063,0.14394469656873635,0.5703754296172305,0.4941470110785823,0.5291666319212687,0
0.9079309401710596,0.11436152638580618,0.5600891802572242,0.9454891582201806,0.15196527483159286,0.7448623494160925,1
0.7056806714936652,0.10691871903249933,0.5324540305242631,0.7812108255696419,0.3077778787110868,0.9331476794323856,1
0.2560680474953126,0.3025124661767747,0.2885095690178028,0.43538251272151784,0.4239910946451753,0.1234325827995714,0
0.2153258279136817,0.682664485107355,0.3123881801801916,0.12464724638220823,0.6229741278366423,0.14583126931407225,0
0.8186292782371198,0.10218325685217955,0.6247103401976164,0.8049567973429808,0.21337841112460124,0.8098975383764035,1
0.5872411071223598,0.03146919643625123,0.6133042224063027,0.9219987407074218,0.3325632218659948,0.7515726244546461,1
0.1492269185460412,0.6681827417936304,0.12980803947000225,0.2547347745443005,0.8619708791403211,0.28286488237485774,0
0.08785744801672228,0.42839680721898815,0.24105418043992113,0.516195520850954,0.7405830471311267,0.40285367482990475,0
0.4864669364053359,0.3342161484021716,0.3466652312339905,0.36304700662577105,0.5019193442076861,0.23875845475428947,0
0.355324985731687,0.8637411534150996,0.20386688316843832,0.12558275322273796,0.7836101446846919,0.4354289826136928,0
0.4597725727464898,0.5404225001006799,0.35723819728089534,0.5773331784395345,0.8491649250128313,0.23327954450154936,0
0.6801598792637071,0.09277856100429008,0.5188848995208847,0.8007295646150643,0.15688888914416257,0.704543881747176,1
0.6560809470726902,0.08523538441130919,0.9735824590202464,0.8214500625315068,0.16338086050601328,0.7046968983985229,1
0.06469657735302314,0.7983736562590749,0.24485244817911217,0.5097478426930262,0.4069095159518936,0.17512758056551114,0
0.11952149180221662,0.8608379492929807,0.16904276150474523,0.19954670996796284,0.8053208806507697,0.28476941375722,0
0.578227498960172,0.06862787348489023,0.6094782905354876,0.7291848687718246,0.36864462039015633,0.7120137256690566,1
0.9442601816442402,0.029498090172874213,0.7336010918838574,0.9895207783039555,0.047480260598016674,0.7960400198888661,1
0.3453843215752956,0.886932401115935,0.24893828477376123,0.2371064445620735,0.7140297211820024,0.18713071440795737,0
0.27976134085680193,0.5710436855888663,0.3764643730358899,0.29545871342058116,0.6441874936458969,0.2442554137074246,0
0.3055884337922362,0.3761666482529836,0.2469787037656705,0.45766115526456785,0.3935133901726888,0.3370677247226861,0
0.8073152873769412,0.09444129532529433,0.6136978683077514,0.880069284568745,0.02297980449332839,0.7397421930080881,1
0.5681216039088178,0.13600260985873472,0.7641087402350056,0.803761496944378,0.07584582964351967,0.7167438795730965,1
0.6450550175969599,0.13514496162713407,0.6328773426728247,0.8844914357653875,0.049207588604942135,0.9221652683245125,1
0.24187926056073017,0.3440184404757616,0.023995025325828326,0.37147022224466386,0.3980380415173793,0.19062959625724935,0
0.22903956635784223,0.3372220581772689,0.16501426966147129,0.21937588554301204,0.9201675341668442,0.4892477392934994,0
0.8531384441857477,0.12689023315190187,0.7929602159892408,0.7036561807929701,0.2000477347912197,0.8949435517756987,1
0.8080691161637799,0.12162135120913749,0.618670915713525,0.7866304163407442,0.1058910191700799,0.6732623420622378,1
0.9299199653167696,0.1074428865275309,0.7974022183509581,0.7330131341082143,0.13559551346178672,0.9296380170885533,1
0.26193211359563007,0.3327392449696194,0.15362695148992403,0.15215654367594109,0.41139930772043787,0.3534239748042798,0
0.3525727294812666,0.38801706840910893,0.08384761983321787,0.45429177288391265,0.3849426984921651,0.5318164664241554,0
0.26875871834671583,0.48946389074969765,0.05322967068395647,0.4697905886108713,0.4914095207455309,0.25209945146282053,0
0.4431283379317469,0.5023983653074593,0.20398575222209483,0.24457516722707548,0.3967273934547744,0.14356842894424837,0
0.11716226138366326,0.7507673546242601,0.3911147021797035,0.28915780358262977,0.3858573645070306,0.2577892111557161,0
0.5601402973661831,0.09738084709887875,0.9586513740583686,0.7534252033790275,0.15227632540394948,0.8838926662256209,1
0.4587955483457189,0.53756233571757,0.38238039097528204,0.20879396996582225,0.42626629452021436,0.4573605527795226,0
0.5875927759363476,0.024575201477840335,0.5027641570390984,0.9636738596998524,0.16405573849533575,0.9412447593348745,1
0.21805607530971738,0.8979157852791715,0.21090129158939627,0.5064254857683789,0.4439676889355899,0.5309949961793002,0
0.6791825891764984,0.057854429237702634,0.7561292224289016,0.9627815438820723,0.12092147652427031,0.6726755136489071,1
0.8040374603470575,0.029163988209633014,0.8868764238920759,0.833186907180232,0.23975339177973704,0.7394110904444006,1
0.842797576724562,0.03478146779874455,0.5106193047339187,0.8024429084655986,0.17565898006018815,0.7326544066015247,1
0.7470070775275456,0.03469417811087126,0.82009484362213,0.9818815455931458,0.08344217372393552,0.6690516125442887,1
0.19634503832429512,0.8648845425036393,0.38718423314431066,0.5534927592191219,0.8352796667006903,0.31737981033698626,0
0.40666766594411063,0.5797089546765342,0.13791722319972807,0.4406410552662169,0.7819980815764678,0.3501418663895317,0
0.47224207789309225,0.6111370131994405,0.19990555056250814,0.25783424058203297,0.5915158132940852,0.14974442483886125,0
0.4330178309416918,0.7668277838899196,0.3914334940098602,0.28436257773542295,0.3817615613412909,0.30781291670290845,0
0.22864647299336338,0.4989701094647004,0.24165675430999772,0.41865107826901193,0.9185390757944257,0.11803108885672,0
0.2717688130397711,0.4360635751917874,0.20338846955137785,0.5653361277811991,0.502798259533977,0.45677802037308723,0
0.8904546686067427,0.03938678303338201,0.9170743925497847,0.74807461664735,0.1605290372751271,0.8498605034767258,1
0.48267154605835044,0.386081674210812,0.07592203541607923,0.3896567013942305,0.38136746196125576,0.39783714049675256,0
0.7625418526272592,0.01371450854233476,0.7300073012622709,0.8545783715013806,0.3908852528461012,0.9790701767879736,1
0.378612135288307,0.4785901665409683,0.24158018776636123,0.3494839721103965,0.8626397079954081,0.1793853596925488,0
0.9133063543866615,0.02636572569917097,0.9161751181387753,0.7256941246070889,0.15255180290840215,0.8579815824205321,1
0.16966780278445345,0.6581671340479036,0.20454103339706933,0.1706917771081701,0.5656542960984903,0.3546498722957916,0
0.8033603417266904,0.024351361918695094,0.8164898826587756,0.7924713773131302,0.22764352010958197,0.7842455843140688,1
0.3122215022051067,0.3003587633008772,0.23906578319314903,0.12493007319958213,0.9020228984654315,0.546258763176731,0
0.29744085324929237,0.42581416645812054,0.052948495686343286,0.17304828277066012,0.846566156809492,0.4725662295453906,0
0.5566351315711425,0.12850332084283253,0.5868689373005551,0.9411921426659743,0.3643221808103489,0.7358780773351257,1
0.12029067856876968,0.38238001962934215,0.21176216943142526,0.4981953613098544,0.8147915718758105,0.30057841940629115,0
0.7072390898667041,0.058573448265471874,0.9568696570031547,0.9845761562442015,0.28106732127123224,0.7669095379816812,1
0.7946882984937409,0.08582879005252135,0.6474991831646175,0.7481269196357776,0.10672943812760567,0.8209426619135262,1
0.36527517337750326,0.4980935701893626,0.3481039995599661,0.5113287342402136,0.8243081645201886,0.3722820640469847,0
0.9125417540378944,0.12182965300831314,0.6728654755863291,0.9404931718018591,0.3689308529366661,0.7731304640793866,1
0.22680279900193057,0.47233272552309047,0.03532686381261175,0.5680882820832526,0.6294353466004985,0.27987379793849243,0
0.349275195052984,0.5248949546099986,0.3656462486221589,0.21949884010577567,0.6259651707763776,0.4010740818926266,0
0.17067846548521098,0.8381971736186467,0.1633366773339027,0.1441984835733792,0.8831595682622914,0.26956478249839566,0
0.1831694132464773,0.5490873923956474,0.18447917000172545,0.14957305613881197,0.4008596926557999,0.2177521149868779,0
0.8588979077186629,0.03427230334126567,0.8335913053407404,0.9371577456585141,0.10654489971921965,0.8831878570599742,1
0.5625716742746938,0.084562520557222,0.5151613495163082,0.8607256890982848,0.3344571904003952,0.6805664094069512,1
0.5836559859980196,0.03135546600799659,0.5804572238183925,0.7716238517308799,0.040646173232703454,0.8160337159420082,1
0.14841941014561244,0.3648267356258443,0.33207505873268767,0.2740259777386602,0.44432233013417255,0.33547881218511244,0
0.8912037821869441,0.09335390242480612,0.82795905357903,0.7237003502665657,0.1939258499605317,0.8583682440020642,1
0.6124074561769747,0.02688902195408411,0.7345487313942396,0.8014139366262963,0.27730584309930356,0.838676174437437,1
0.392259039104877,0.5473678366989994,0.08805607694470899,0.13633279379057836,0.7702087333199417,0.22045079673743392,0
0.33341929449561847,0.7681275891213801,0.2391870094625372,0.17330727857992115,0.92995446213399,0.16722972480419757,0
0.7696906658824482,0.13158551662570778,0.5289283473389892,0.9330450252780452,0.36145302977643895,0.8309783237878756,1
0.3232108763976096,0.6230369875721746,0.21576347078690372,0.3419386322821295,0.4429048367884729,0.4200048176568787,0
0.15193473171624758,0.7022606002781506,0.22343215186342955,0.5106297101864228,0.590582196013011,0.10576974227977262,0
0.6193177280283384,0.14278346297470193,0.9310546634959938,0.8784364272702425,0.3901938886502157,0.6517534469705542,1
0.30891162790809434,0.8318282171760851,0.1064430094035452,0.2291502145637961,0.904795165749348,0.18218130861389553,0
0.7662540486440426,0.035400960912571625,0.5123081915870892,0.7458068986222509,0.06770908160980829,0.8344895640323787,1
0.6071966728211344,0.015181068860168966,0.8629583978697182,0.915526027632165,0.20273825570914342,0.8417136253630992,1
0.42572624256248165,0.3120827093695739,0.09668208033593363,0.4992779190652995,0.6609234393095125,0.3131979816314904,0
0.9082092913984802,0.10222967133950042,0.7491486996359698,0.9662422001377537,0.3913770050367714,0.9161994674988494,1
0.36372366146209123,0.5917041924629298,0.14396379265275397,0.5104245046315644,0.8639431932100013,0.22585323544589944,0
0.3005532099176846,0.32494737590795625,0.3654968117584651,0.27673659603036027,0.4294823938051559,0.18985138211829103,0
0.9048345697060469,0.1075311153427649,0.7962295935699344,0.7165458691338638,0.12802415531245634,0.6838474276525847,1
0.2430780661861997,0.3283180210184274,0.0831502998517047,0.5335058034553002,0.6602791352063828,0.3582888287642839,0
0.7113931464849588,0.11538032953806976,0.884737813703835,0.7349619407570701,0.2839462623562485,0.8559195002245642,1
0.7991561903276001,0.011820269291503045,0.6822971744860303,0.9313951062886092,0.31411672369804977,0.7739047463939451,1
0.9070235993959911,0.02740161128797626,0.539182391374683,0.8135424524715704,0.28133437612361306,0.7319641659220341,1
0.11842185534102131,0.6338787824092933,0.30099830863071636,0.14428916981832204,0.5636403794714868,0.16227891368565606,0
0.4456985970553133,0.5146867496013559,0.10991171742885279,0.18325177352475755,0.5687398565119186,0.18599753021101523,0
0.8908726001274161,0.12718186597091408,0.603296898568274,0.9648532147971086,0.284939565125662,0.6952590010904053,1
0.43009965909060094,0.5514596837502512,0.035170562374225466,0.24612447836969395,0.5369073794083916,0.2897984088712567,0
0.8985842360750871,0.14013408019469561,0.808917293694332,0.9094005720787937,0.372025390557433,0.939565115395979,1
0.3962520023369212,0.526703528236312,0.39287787940868524,0.24486399186910732,0.658110720045062,0.13994797013030472,0
0.8964255558001633,0.08517641920507789,0.7207042034092737,0.9036550421491826,0.38740128992372846,0.9196013893997061,1
0.7599025726528952,0.04876287074060852,0.8266396649958623,0.9230747128730588,0.034818484778466406,0.783494037239377,1
0.23108281668469027,0.7955593851300098,0.32593697857563125,0.22873960824623465,0.7250549316119171,0.546774459256889,0
0.6405983100791752,0.06562022067845141,0.7362933710950567,0.8502428422092565,0.2010460548106408,0.7029526627095047,1
0.13337165992249567,0.37532987393908623,0.3655832114006331,0.5790690599022481,0.8734367380128889,0.2647127195859319,0
0.42047294570601357,0.5852854291396403,0.2849231766303332,0.5257907000086187,0.6082059042134434,0.5184417170322456,0
0.4178335312877492,0.32901762662926853,0.1848038459017444,0.42477800337848093,0.5669996499170257,0.15095955323791896,0
0.3253239590464496,0.6117670054818045,0.3706051530493574,0.15282517272446536,0.8609223031387554,0.5090525149760664,0
0.617797098674437,0.038719549667481,0.5145857886544817,0.946492857729392,0.31167569883680896,0.7612781699366982,1
0.42228596738176066,0.513263602418437,0.05245315146183423,0.2570810319184861,0.6796470992365786,0.2531003475030657,0
0.772172682241051,0.04082564827297359,0.7045200242673784,0.8991110749128559,0.2269088444594687,0.748796513322765,1
0.3558637475750054,0.8737751289080169,0.35042279528969233,0.4148417976296015,0.6572531460191984,0.20855995121711257,0
0.8416028672163949,0.1475330063672049,0.550366485640724,0.857248789592636,0.3505882806661203,0.9358115590918582,1
0.9354479908357011,0.08030730144637395,0.9534148253475312,0.8576260830293674,0.18443707168748777,0.9372738988688968,1
0.42059850197531856,0.3144030269069333,0.1423856633743773,0.22158999013211297,0.5699307124275357,0.5196267788938222,0
0.4418098049558477,0.7375858802863238,0.12471537499748782,0.20571562899945559,0.6889715645914839,0.11398065861000535,0
0.6363284109987373,0.13548701459295676,0.7224771410242747,0.8840289010895881,0.13850826600841562,0.6744547894497062,1
0.7670784332632994,0.03140027948580648,0.5347745061413882,0.9718425392841645,0.09649860097252463,0.7382426691929886,1
0.840287803355344,0.031545426887579706,0.8120965243511136,0.8001147114124907,0.1354981546569104,0.6705900426374315,1
0.55728873026062,0.14115616350546611,0.5806468197175344,0.7201959329670976,0.12438744971819896,0.8464500777560714,1
0.9060021367270266,0.04235047152232999,0.8925604237640103,0.7078785521554123,0.12168521715662917,0.7989270572996541,1
0.0904445832812723,0.7512685996181849,0.3855822295977136,0.3094618123964593,0.8294492874631727,0.1860748169668287,0
0.1795754042041966,0.614040822553205,0.30447130926109633,0.23956523538713484,0.5733842591438286,0.22833396820452154,0
0.3958615989109409,0.7074975409917377,0.3771712616965694,0.3240427436415383,0.6669066328538102,0.35051916544878425,0
0.06354674249509353,0.47779548113988,0.050620708668875164,0.2668882985348989,0.7951972346757034,0.43339744302489347,0
0.9246919954946937,0.1108051151164504,0.6724320173118875,0.9530917726405346,0.15596935196314857,0.9186614762450833,1
0.07265728713620896,0.5292836848995416,0.08909070807818872,0.3245188801849809,0.5913562482101252,0.2501668934090335,0
0.1721714011442201,0.7560033269772591,0.18941370893426612,0.11406075313896188,0.4756090396304592,0.345976722848652,0
0.2966653412276099,0.6978877493851253,0.30951815986344394,0.16469030848335045,0.634671907906714,0.5315608791878348,0
0.4024840923302215,0.8343950732771055,0.04136523204336945,0.49778918812879325,0.6774498078676614,0.19462428005583765,0
0.1495574134007288,0.7785084271778915,0.06609513924210297,0.14567662136177792,0.584143129750397,0.2822504943643968,0
0.6965447373174767,0.07783321792674297,0.9529356416804474,0.9246437963849585,0.19423874337511846,0.759710531859075,1
0.6674367377057974,0.1424561646987086,0.8755450323479712,0.7957623688127342,0.139938390630073,0.877248437671599,1
0.16451659922821713,0.8168674116127945,0.2226629481866499,0.12243027881385851,0.8066035897697332,0.22165686572301296,0
0.48458624441888637,0.6303190083577355,0.12837820501855735,0.43841002181502353,0.5165136829414355,0.2313402296663799,0
0.7521009489791428,0.13221241702269715,0.6087950730689542,0.8225390442104639,0.37860660527168394,0.9796345619709859,1
0.6227520337596579,0.05842362797341394,0.7458665219900837,0.8248535081540401,0.2300286887730472,0.837350014917248,1
0.8575949660722042,0.10565622691234342,0.5627409808352958,0.7332014150391124,0.2895419148195917,0.7267269774285843,1
0.639438335407781,0.05964710206970871,0.5558558709850285,0.7688557058286938,0.12734850506968387,0.9263311363241498,1
0.556182646611547,0.030812781885435812,0.9167082821012025,0.9494405110713361,0.038310684709452564,0.8817082117400037,1
0.46788375295192736,0.8703196925726455,0.11768382303189932,0.11718842917586261,0.8220338088401244,0.14034350405605556,0
0.207868599200757,0.35905451346082123,0.2734324300342987,0.15093938206977828,0.8290721030307142,0.317001353651797,0
0.49478944728356644,0.8714320514392349,0.022794156930682253,0.3977074008100542,0.687286852296551,0.47625337699526926,0
0.8713923721539394,0.07936878426886777,0.5654910812272319,0.9721083973500599,0.11195130952047724,0.9401313049584117,1
0.7963400392208866,0.011539416012187267,0.7321019104255638,0.9382747003360368,0.31690230518397594,0.8864110469461727,1
0.7575162486973465,0.06494231503916895,0.5957803764459897,0.7782480088371821,0.3013809301423373,0.8951508929104198,1
0.490618199795277,0.8033123171424414,0.19837459995591805,0.2165094821984174,0.3923300382259367,0.32390473752492666,0
0.5954230368798517,0.12163964302496992,0.5092122928750672,0.8968142874350438,0.21526469639857174,0.6773031557540027,1
0.6619735587783772,0.12197973583262411,0.548681997655624,0.8211506839897789,0.19403838842135715,0.8426254839513501,1
0.6800733288106988,0.08794680502195015,0.7485015888246614,0.833851667581739,0.39277520370182034,0.874436922197501,1
0.32041040254658876,0.6077248453831607,0.21340443536037806,0.35863608487715526,0.6550874211848157,0.3327030688856138,0
0.7720803246397849,0.06611919834690957,0.5628193571448079,0.8439737341830369,0.27939454406489295,0.7667504223830239,1
0.7141531692142519,0.055129538296461215,0.8427617274235653,0.9778413092346203,0.34450554744306044,0.8887377798905003,1
0.8790148971692675,0.11615338659857277,0.6036983276046078,0.8789492896741624,0.10592762587487534,0.8034531407837211,1
0.4043173811671728,0.838431430478229,0.39416870148451905,0.46871572071356105,0.6992868816888451,0.15690891043160704,0
0.5520246335384875,0.07311751199657848,0.780970094910441,0.7189561856936717,0.2886510652331722,0.7949394984124067,1
0.8327429375390468,0.0674555557785526,0.7306433346837579,0.9125124479822126,0.22268691893083778,0.847230533291892,1
0.2377370383540594,0.5558998483451167,0.24922096359781162,0.41436700752999645,0.4509419474650951,0.24276662846059044,0
0.7580272084711244,0.10507432468022852,0.5156125661558009,0.7572664420593818,0.09395705794785134,0.7643529754243971,1
0.4980060052208095,0.7965142163722903,0.32172549110106585,0.5761300391811619,0.7740821577263031,0.3142255159679779,0
0.7260609974958405,0.06281978283464716,0.5890522475374982,0.765138527434717,0.0785751164078251,0.8211713281455963,1
0.38924063721946084,0.529929219568351,0.309626343129025,0.36409463087817806,0.7324414887255329,0.20715617946429946,0
0.5795186258941596,0.06380573060235543,0.5388412558646011,0.9156422356912023,0.20906514381551883,0.9671036484865121,1
0.15716599414956334,0.7053977413242438,0.38314679756126596,0.3301645253213825,0.7061451526485787,0.44036022463463553,0
0.6057975442608168,0.03930890526713944,0.5725077880548322,0.7352020612662278,0.028873796604710646,0.7928130702677567,1
0.45696189874723575,0.5655464075596892,0.1499026359285581,0.15335590955117714,0.6298247567027291,0.17698868508572294,0
0.362039957625339,0.5957741829935161,0.2370556899059072,0.43297358304023215,0.46463728360781487,0.3258710113513873,0
0.4723384025629087,0.4612785690181189,0.23250289007201408,0.5107356263880954,0.3725397377263883,0.24425345096241607,0
0.28613103694764447,0.34756817077871505,0.04118152436322786,0.4758990817934665,0.815519039121672,0.19800136079540587,0
0.1917133000650031,0.7238231980859977,0.31341777049401853,0.5682466656551128,0.5818775385967612,0.21808723676329653,0
0.09654535168721752,0.41392519745755196,0.02539472109925501,0.2692534397127364,0.685481993877781,0.4392161708402661,0
0.583642722445999,0.020773448228089283,0.9450453533501373,0.8936633581356579,0.17117791769081964,0.8834410100108662,1
0.22895798649487464,0.8154670545881499,0.31224323060069525,0.5561041183907628,0.8481217306074572,0.3118673887146542,0
0.4487817974582053,0.4260643157474111,0.0940841431694796,0.17212001055905177,0.47450689723092737,0.5244381323620529,0
0.9279062919529711,0.020658320328642024,0.925570023315424,0.811313276083044,0.08358209552040295,0.6927940628139977,1
0.5834002866794675,0.012977717519054199,0.8401974549166287,0.7333305691472743,0.1562598153794518,0.6676048390063363,1
0.3807166313277024,0.6626155918288628,0.09754446764770823,0.5988361316323296,0.5307053521984153,0.17188725710527492,0
0.05730954944425417,0.3714844031976289,0.37898880503554305,0.46630634962019935,0.5002152377425133,0.43234256776415847,0
0.6298695128633439,0.0747548602586407,0.6908453110221413,0.7121658547951745,0.06413280487619974,0.9616680322891201,1
0.8307867509030813,0.013793438950487688,0.8829505514521445,0.9856470002808537,0.062374640682085036,0.7600973706261657,1
0.5861159080217634,0.014694540863009113,0.8518942507593348,0.865842958655884,0.1730918474004021,0.6685381055246549,1
0.07697448538758873,0.5358730789242475,0.2896751105317193,0.3429428030948066,0.6447982591472785,0.10826127279965078,0
0.34642293742715996,0.8052992259902287,0.3610109809622028,0.3389336774565679,0.44351092193086605,0.2285108273073864,0
0.8751604036520311,0.11127881591640187,0.6470017379775737,0.7747060938967794,0.24444237691796233,0.7418615989486766,1
0.9257995766256756,0.09215775652292306,0.5563079307019494,0.9497972989453964,0.23192935397501668,0.7386161395023104,1
0.20561274428469123,0.8379447950814063,0.20316658911523436,0.2518675231125497,0.6963120057339853,0.5098754021453893,0
0.587469907131237,0.05668988403676018,0.5199549723441882,0.9716785139895966,0.1848506194390812,0.6775729313785276,1
0.7715417137605283,0.10515061957702976,0.6934304858072775,0.8468171572536087,0.09777844144176791,0.826858576021199,1
0.05309508299884219,0.6528002780577771,0.3216953507117035,0.4130273544904006,0.8198960174167417,0.3146994179622668,0
0.5681785521365832,0.09587759448949906,0.9429234514464293,0.9817444803613047,0.21262976642549714,0.7671251380894133,1
0.13180049024781287,0.894919665496432,0.3014521608053179,0.24306752122915717,0.907023531188475,0.13731156162751654,0
0.7534282764658811,0.028818054771456394,0.7598222409445139,0.7102402929326693,0.3832979145725346,0.7932269209938905,1
0.7837257247692401,0.14226248312079742,0.5636118429160872,0.7406069882904621,0.0462228851928702,0.8424529654114422,1
0.21221352731369925,0.6063422452371021,0.2471670450925753,0.36739973314059626,0.7044827201107495,0.16850269626259007,0
0.13153247557253728,0.4191867461384435,0.21560203362757635,0.2770322811775471,0.7803088682280546,0.1420840556190593,0
0.16747183680568165,0.6097699795186045,0.14875292332066678,0.4219539785338824,0.7532357015970412,0.2310384047484809,0
0.19124513443176228,0.5484846409293997,0.17271298306996102,0.5714913920355679,0.38019375976079833,0.23693841631938897,0
0.3907773402239753,0.4030976762145951,0.23875279613901945,0.5454869423453519,0.4984777887398878,0.4653854840758608,0
0.15020423560538823,0.4838492696106218,0.026090699452946786,0.3686378368340191,0.65522359052976,0.15793949681562497,0
0.28934229492725744,0.791321562312283,0.317076333852916,0.5250663673425184,0.878754840657807,0.43737658605259455,0
0.7488994023569542,0.11466531322467514,0.9167708025960226,0.9276201233623256,0.34145014707753824,0.8428681402199506,1
0.5649392754996858,0.12979750553487998,0.6791608599820832,0.9796982296312353,0.24615003646415898,0.9395256495338368,1
0.778024468035746,0.08907775865676629,0.6035240731509043,0.8887823054737767,0.10055774078549007,0.7793135931520486,1
0.23795014811764764,0.5520066025773978,0.09507124415782174,0.4708420644959116,0.6282858948046257,0.20204137783023218,0
0.649092395800463,0.04610427596064832,0.7587974128041222,0.8239720094969784,0.2039492864898766,0.8714819662152973,1
0.14842125000794265,0.7653031780313997,0.19493504179123422,0.3400917576309439,0.46690429499321845,0.3916459572674822,0
0.34779997961223735,0.8198539101238203,0.1857734900157198,0.1630550708393125,0.590197921046455,0.10873056052819695,0
0.47096803108737306,0.7033504123765169,0.2470231121778996,0.4232036876140445,0.35235102497065596,0.472411547866316,0
0.26401828631990376,0.43479443858505995,0.09296888027181094,0.2633694452843168,0.6764756011778605,0.15451995756744347,0
0.314758499442419,0.3828751758841483,0.09734325207702063,0.233998633442189,0.6522316607539738,0.39721137461399403,0
0.6923890714605047,0.02950985037019538,0.6494276955948818,0.747047687676919,0.3040288745067437,0.8547563490671503,1
0.17804362355462022,0.7698968585542183,0.19400211214828714,0.48257442493063196,0.501198932986443,0.44477069571225014,0
0.7468465172318153,0.1165439063502839,0.6222418985821045,0.8294616597564588,0.2874059162590394,0.894741679105894,1
0.24894816560587402,0.6871311455067983,0.3232392533833051,0.4975551412633623,0.5167346755926536,0.36088170172289746,0
0.35199192068868923,0.4177765813866402,0.30795509294256,0.1465087046313375,0.7386320326523672,0.3769065282828584,0
0.6227299868828403,0.1323010073749488,0.8329674683751145,0.7238297835681639,0.21207294480597097,0.8550265081863713,1
0.8034118843043578,0.0447884795740252,0.7990239601104717,0.943542662834329,0.03908588435631003,0.7493452056853234,1
0.5944789929224605,0.14971077547466724,0.5420685184466425,0.9549038810818575,0.05868539952082402,0.9607583555971501,1
0.7169644012595116,0.03299721171033901,0.7665745044500629,0.8681952983541581,0.27719209356581037,0.9156798051035686,1
0.6623852758368921,0.03338475245289053,0.7337897210330893,0.7960906320598847,0.17557658729046696,0.6671564861526434,1
0.6893021868093201,0.050185338644487786,0.6893486137136169,0.9114603113893399,0.2085783260952974,0.9345269813072024,1
0.7960028906796679,0.11857386633730146,0.689054914713996,0.7180592007057468,0.19946708558193305,0.7174244065216602,1
0.8188542189623513,0.09681018582999187,0.932336894725404,0.8863439078652056,0.21857910774796316,0.9589726050847458,1
0.813477452647578,0.03455197900728294,0.8932106525248593,0.9064840658959263,0.11876389211227649,0.9495867095815662,1
0.8027348848679197,0.10878052415219637,0.659840918267935,0.9107345877003937,0.2347324187320474,0.908633622854828,1
0.7023563426524086,0.14379120975216547,0.5582647709227658,0.9070694668953884,0.2907961065774349,0.804805379645701,1
0.19034574609367638,0.40629211393357534,0.36826587742389544,0.4879386272348465,0.7714392326483592,0.2867982295847197,0
0.154999770192197,0.44927507324350624,0.20438757319083534,0.41340131503242195,0.6394958363165977,0.4442979662349089,0
0.6143232205669995,0.025853326417705734,0.9167702146463641,0.8413956461652814,0.043822056216309024,0.8514804291550901,1
0.33457831540947885,0.5261201282083131,0.21421565215951124,0.1070072587630285,0.5961822331235972,0.5150004931696871,0
0.4760403101115083,0.8169989308194607,0.14085505244391755,0.15233022017324058,0.720861779337018,0.5204848575570468,0
0.055086141465060114,0.43864851172469776,0.07622416696157422,0.537371824828283,0.6232793432038171,0.23416766032445005,0
0.18200903964845444,0.5070101039547397,0.12736910165708276,0.154741183034497,0.485398749831233,0.5083584293558915,0
0.8585081386743783,0.02568544630352733,0.6161816076140132,0.8712008302330441,0.0696478906529159,0.9624221305447205,1
0.3615594377694864,0.46233555389279485,0.3954871488627615,0.2021282339681982,0.7054960875058429,0.25102415990840565,0
0.10319838003098987,0.5047466698546323,0.29860094369198387,0.1733041501800016,0.550462791251938,0.44648812819297046,0
0.8790402242638633,0.12623078103937882,0.6090894210863127,0.7590922731470298,0.02377105202857754,0.7785036298630288,1
0.8463074471016818,0.08834964638315049,0.5231417786530669,0.9280206778213695,0.13221456147729646,0.6727851490838179,1
0.23592763274347378,0.37980587934439725,0.20041222229658748,0.45163861386622584,0.9388528549532151,0.27677758441663114,0
0.061237247952672325,0.7882340062333365,0.2466574886571466,0.5224320427052542,0.41409259577839436,0.16839108211332304,0
0.13357988240233354,0.5887667707315423,0.35474016100700595,0.3291817397131531,0.9496764086358038,0.2924510886208761,0
0.9460215400417052,0.07346043686472385,0.8125918289799161,0.8486257681433962,0.35445956041016435,0.8175756711063971,1
0.7924698537803521,0.05869328910630702,0.8521349026694729,0.7205922227146441,0.24859047413393315,0.9169778012962533,1
0.17178977389179456,0.48723842679121243,0.17934717855932955,0.33726678131122034,0.9147673573440788,0.22792973009295672,0
0.46798679743050453,0.6123263023829151,0.028301750554756686,0.19615788639217527,0.48061987931433947,0.15719617619683318,0
0.07374436603682119,0.6328390819694125,0.18353168230143616,0.3296518441065369,0.3807345778425879,0.2424109528276744,0
0.7953660783743159,0.12421663749868647,0.5729719295017511,0.8471494622281646,0.10755833160459297,0.7606420865258376,1
0.2386322941559546,0.5902815239163883,0.21684396392291722,0.11671178621775188,0.7416368742663344,0.29560516674241166,0
0.14500667415111684,0.42409073588003776,0.28630719884066136,0.4314298938173329,0.5981993141499241,0.20832066354857803,0
0.6767688020625111,0.1357276005216999,0.7738926783866382,0.9742524626300819,0.039894907671239516,0.688677288874477,1
0.0976434431959082,0.7052736272018554,0.3001103173035229,0.4091425105068599,0.8555229376391822,0.3395621056875917,0
0.6411740650167767,0.09042623584518765,0.968415322793183,0.9303172260703544,0.3256861389182119,0.8918020466794345,1
0.12692138108938172,0.3489449553668196,0.2795834285747577,0.11950321038140907,0.6264273028089653,0.3240768666620188,0
0.5877771843023714,0.11256009360943503,0.8536993975732075,0.7507156167810282,0.3266468865359176,0.7373295588853679,1
0.2815075974829524,0.5899392455252611,0.2492332606199313,0.3001783134199153,0.4940909576132085,0.428450102966619,0
0.9348690193898167,0.06898998031878982,0.9762358471151901,0.8760559778284387,0.18591339211213112,0.7091874833954496,1
0.4530604749199774,0.825293190237538,0.3021005760941171,0.3903842918072108,0.899249720880022,0.1353413092567594,0
0.3461719209339081,0.8695638637473702,0.3698036363389708,0.12810695272993924,0.5318394567050609,0.3601324459055857,0
0.15549152000518163,0.8448111272529975,0.11150545010780584,0.2373329348939527,0.6882422608672396,0.46144545545984195,0
0.42763117774113435,0.6889400812847077,0.15526395391884337,0.48886395503389657,0.6418896594394536,0.24940031595295567,0
0.050500442388284335,0.40068875738761717,0.2139748499116477,0.5462345469760058,0.8549692758546891,0.5253051019351992,0
0.7592391376680595,0.14299456575303154,0.8335765226731816,0.7205703426787943,0.09073164114627222,0.7826227759639409,1
0.3100131726129881,0.7871677407827301,0.15993504081015056,0.4150093403094137,0.6677201690134744,0.3986311243452849,0
0.806812658461715,0.10901340880387579,0.580180115792456,0.7758946482834127,0.2592319248188599,0.8326124926174248,1
0.8316319072396894,0.12561434507906677,0.7181011205887812,0.7033949171119621,0.09419142912346698,0.7511329444541307,1
0.618927948480652,0.1456428997399968,0.5346004812793632,0.7073798503726677,0.1377193864994577,0.8323785483663269,1
0.713581177765708,0.051225206335868474,0.8107878627942094,0.8276937913268212,0.2656543218224136,0.8097164914993166,1
0.08154866283856563,0.8277608980270572,0.024561150363619368,0.4737603183732524,0.7329346490243669,0.5310907089620008,0
0.41257153655069806,0.6596158350252994,0.3821856434697724,0.5102537521160546,0.4642290717782208,0.5388600408777814,0
0.4856343716528301,0.37930779465232306,0.15001038804252007,0.16670816776160355,0.8037860581881764,0.200621146745652,0
0.8312075835580711,0.12432392152602077,0.8265095563670198,0.939264328952218,0.07428310917431867,0.8935127398068283,1
0.05486498763583836,0.6443195098062579,0.27205806961152074,0.5131951558002776,0.41979903627995674,0.32641009963674394,0
0.36008944418670336,0.7304789943671474,0.38734833320701506,0.5798728607309847,0.9481095705688639,0.33726481747780473,0
0.1322770009409677,0.5870946420643135,0.2269597310207116,0.5477778704369425,0.9274028344887241,0.15253655624595802,0
0.16302617039678058,0.3038786146738263,0.14632214302625876,0.22616137213187262,0.8167456440491221,0.38951637628139224,0
0.25879176417509936,0.3292169090399579,0.24809553583784155,0.3345124698589418,0.5283284683070576,0.4622920195597868,0
0.20638345789118961,0.3855339330198694,0.34206810056079984,0.5454160741448167,0.5523274942437715,0.29184323229581566,0
0.42840891968130823,0.4074189824649503,0.2959122435638632,0.3732381805126882,0.8184092448127174,0.4042418653740596,0
0.4327585376068022,0.8238258882091221,0.1936174672601614,0.26000805654369585,0.3881608618266784,0.1923342143071632,0
0.0561570866423065,0.6033124750340941,0.19773383406903733,0.5574210749258274,0.5731020707398516,0.476007267290792,0
0.32872548621492587,0.37901214206172423,0.36577346010069306,0.10833577529981656,0.36949195801409895,0.16777492888083362,0
0.1767272189475343,0.7971917436709737,0.30179512121739527,0.22905382158670737,0.4675881108210571,0.3976597923956434,0
0.11435050519957689,0.6513526103235676,0.3444982952139041,0.2367372576874899,0.8406932441397144,0.44384301396049575,0
0.4219479833861589,0.6396110549326925,0.33885788554385243,0.45074955073258305,0.9320701318510592,0.24217112007353658,0
0.786965827544817,0.015135648404683705,0.9723092710207175,0.9316271155798266,0.13930735260339408,0.8715881190601783,1
0.9301645936306234,0.1487636076591767,0.7910014101204692,0.8397919068525039,0.32813386078300905,0.6604754425730862,1
0.6988072343171132,0.04810031921219478,0.5616292589379801,0.8945123704526918,0.2364251162354994,0.9430790023482318,1
0.3791734088194126,0.7410151117138941,0.03715751847667094,0.47741372918116565,0.8708588959202377,0.3212820743585453,0
0.4955489807390896,0.8825641497627712,0.08316715757963032,0.1531069137942281,0.5118454795242602,0.48566306274876014,0
0.060668489140033276,0.859651763436188,0.13768285021997187,0.22180739599109714,0.3544146977752487,0.4387272120216893,0
0.4963832362573895,0.7322303991518675,0.3535447738477975,0.3933008687022802,0.5583730845834186,0.5098708991486783,0
0.8879501243877819,0.09331091029803566,0.5113465213022415,0.780990065651779,0.03668197820434195,0.9010809392071579,1
0.24718037596175502,0.5652200525586741,0.26154522234199307,0.352962900073197,0.8263730508293543,0.4405551503060787,0
0.5663100566219056,0.05789144482022704,0.5862478922577161,0.7970082737351603,0.3253234424528162,0.9022654402649164,1
0.16947338334308254,0.6574078944969177,0.3661139805807998,0.41586120916329206,0.8746388190249984,0.2326156164484876,0
0.6937964604879021,0.13064998694189242,0.9179616561618844,0.7477648424953658,0.30066703409028567,0.8573807306828137,1
0.38258013917271766,0.5861033266398747,0.3870162814929664,0.35206642095921914,0.6458180750952813,0.5184647934155492,0
0.9298082494630568,0.08559795316021976,0.6513953099590462,0.7798605405340713,0.02957349730450716,0.7725841966660444,1
0.6015518887642597,0.019497188274724065,0.7946881206848296,0.8743115083720675,0.21182232735572068,0.9016074963627065,1
0.12254846538880515,0.5458037215755115,0.2568842350647647,0.398173248748388,0.8041561070762082,0.509249648816484,0
0.4756660898144389,0.8063276467385574,0.0787179153963972,0.43670986445571636,0.8511464360953194,0.22516463820200988,0
0.10774663798494404,0.8255429549999369,0.18929676950740124,0.3834292166470473,0.6324205996946369,0.3666556822441721,0
0.8412865394447437,0.12040360957143428,0.7843281577248138,0.9278389692432673,0.21023722186675878,0.7464864264360237,1
0.7094018937589494,0.03889897804648445,0.9622049001140383,0.8366386906905162,0.25651718379507876,0.8063940026383138,1
0.9121402567824255,0.0515970401872445,0.5458569506406408,0.7366167750537057,0.11191945176289789,0.73893891455645,1
0.5791052025456774,0.05758249492752926,0.6916716395884679,0.9587677244604991,0.39743690586072633,0.7255289026195547,1
0.5730235040066578,0.14219730847588075,0.5841454123316766,0.7035971705204213,0.14223459607062847,0.9262494771841152,1
0.4843862256336799,0.7710383526278588,0.20125368919470843,0.32343709760021944,0.8128840069157638,0.11268610320124997,0
0.7354793619759928,0.04229377364048621,0.676416522699935,0.701596681756522,0.07760612842403776,0.8674849853436367,1
0.8679245214166593,0.041444675211597476,0.7182751307042523,0.7574483135003246,0.26043051392446837,0.8213441083574677,1
0.5647547789418131,0.13594044025843957,0.7042368005350762,0.8500080263680667,0.20529856767354013,0.7715881435724711,1
0.09248850394721643,0.32135413848388583,0.05470377904675168,0.10982574137342391,0.9303968668120818,0.4486028217318093,0
0.07977433497549821,0.5072885122340675,0.02963246962029662,0.4048409541378887,0.7755776762844608,0.34456799286235656,0
0.8583868719818244,0.026077155463488495,0.8842816155723597,0.860974635297663,0.21428467563628542,0.7122183998972529,1
0.3215879629255044,0.7499159587729614,0.2276346882006102,0.19859149098403314,0.920446827927603,0.28136744105820954,0
0.25660581047900644,0.34364096866720106,0.08317702553288625,0.19212432578633712,0.5772220133486956,0.5068511472157774,0
0.1518225935014338,0.678825586586026,0.15035015078420924,0.3439500976396509,0.42612369683785595,0.43223297971523855,0
0.3487210136837263,0.5533153403284068,0.22350613977716333,0.4114770220916909,0.834575521737785,0.13014599247813144,0
0.24925916144468185,0.543253695083493,0.3087329902027876,0.15698294355962059,0.50902837244557,0.20383056559317422,0
0.6792811728083021,0.13280807571383516,0.8121563294465297,0.9334468099074232,0.3369749468602568,0.8535385905913386,1
0.8751198269030009,0.1340368847530662,0.542779727415688,0.9481518672128864,0.2393065826945619,0.9737689095964188,1
0.8787440237161425,0.1114673480140266,0.5731596863986004,0.7537457520633272,0.03706629361833402,0.8469611193729606,1
0.7396695316349301,0.026485151604619755,0.5870904068939009,0.7543494637882988,0.3858519730962183,0.8470612509767996,1
0.26780925762923186,0.4713755931373459,0.060516975195907194,0.23284278243313175,0.6158764071937487,0.12355623029409091,0
0.6997083183024482,0.054625350410489784,0.7500598290905802,0.869013982174212,0.3690020442152553,0.7198398465280542,1
0.7005853467512199,0.022808157235685682,0.527734669278256,0.7796721424006606,0.3019206042443118,0.6780841504195292,1
0.8742213323127331,0.13284452076825323,0.8336169098521056,0.8144270619233174,0.34240164405439943,0.7772472055294,1
0.9094216754108317,0.09494010649359981,0.8534729672315075,0.7723683979563567,0.14068298219922434,0.933409534485491,1
0.242806056731958,0.7777461656738324,0.0648295437786634,0.39684230995436665,0.5418325096039125,0.27260532595328146,0
0.5760206371941119,0.08163484189619324,0.6022902579320399,0.8689025708801015,0.39392500201997643,0.897810133459895,1
0.33867701656531324,0.4491238925564556,0.16962695379485454,0.13503434786059473,0.4694941385582402,0.32691855735686426,0
0.10646883355961781,0.740619405895331,0.1982354840568985,0.24695838025246689,0.9293107509408598,0.20493439948972736,0
0.09349017542948854,0.5073477515224878,0.08477575440102399,0.5127674207602079,0.6021497610845251,0.20879402836585675,0
0.8964704583099741,0.06099778054673056,0.7140332990608392,0.7537067146815657,0.10279917061689624,0.6540117345875377,1
0.8968289274320415,0.1001599360534622,0.921687469424647,0.7594155695037066,0.29101861564739473,0.888736408577121,1
0.4530032816593274,0.7706432839276784,0.17012026838558247,0.23002402012621695,0.6978628650574877,0.22933114023046716,0
0.7904460046972835,0.08047841791967995,0.6313407998151996,0.7504917072468844,0.39545366713912494,0.8724265732894015,1
0.9009492287711822,0.06610682852254562,0.97971858836992,0.7150674074907378,0.2509458064560346,0.9116101774790282,1
0.809985572311106,0.10224935186742118,0.8658968646927756,0.8308594098124865,0.04207494179053292,0.8100812377932483,1
0.27943430429770594,0.3690877070371207,0.2576647110633055,0.500068791376038,0.5921119954641267,0.3575277165439006,0
0.6913408912104211,0.03471392448077115,0.5327227085050369,0.7022225694682753,0.35283557173648167,0.7197065043860672,1
0.1099444658614829,0.5504368693974888,0.26635306037354456,0.1715309763617012,0.7514924933209104,0.20264517005607333,0
0.830387652583648,0.10748042862293955,0.6126281992906177,0.8720342553311414,0.3694217893692989,0.7784460556582902,1
0.4540840910815048,0.6108464988242068,0.06792382250265602,0.384748629259288,0.737142586731999,0.49021846795050494,0
0.39207241840557155,0.8455516166621955,0.2642554171223726,0.23585879944908986,0.47210666499913184,0.47406061229047414,0
0.20359339067752347,0.5143154003958269,0.09003453084103764,0.3931177493903808,0.529355690059,0.5154506861433529,0
0.76108044363452,0.1482811345630444,0.8792146094273894,0.975654005249999,0.3165388911426151,0.926591141746252,1
0.6532977553195833,0.08577732101465542,0.9036183581244428,0.9315302987503222,0.3886977016959017,0.8125477933485882,1
0.6500971592658381,0.029615844607303356,0.9449765815022272,0.9559007468381282,0.02896608656530107,0.9050271591858113,1
0.9088863031813307,0.0920721764823516,0.5352784387184061,0.7460833686241125,0.3255042328699577,0.9515501864781756,1
0.8063498979212858,0.09150386442467824,0.8539682089863131,0.7483894584926383,0.32400132307019897,0.7079122370358479,1
0.8332290311184182,0.10665527600811113,0.9786197600757014,0.7285347384168852,0.19252061605452364,0.6671058137095106,1
0.7972512961831584,0.047383957823718986,0.6997539191262855,0.9731004563694883,0.3084220073583338,0.9353374442131862,1
0.08758621160600845,0.6450363440752889,0.14622555838345835,0.2325853705916778,0.40288534603447523,0.5261063047572326,0
0.4902596541755855,0.6754091473568116,0.2863289649526744,0.5728575542205122,0.511663667782193,0.19691167728457382,0
0.7227780074568463,0.12286817917102857,0.8141653828549449,0.8811524349677364,0.03176320054935054,0.6725565561022864,1
0.05001382348042209,0.5665100441270199,0.39826017491167337,0.17983317468357538,0.6630985251831136,0.1467817191605753,0
0.7393887083122263,0.08758492035221106,0.5513009230854771,0.8568301889458079,0.10564488184257102,0.8410062289889404,1
0.44873874896608235,0.7852957940950105,0.18893793040638282,0.16018907475276692,0.5813315008950015,0.20860736672687497,0
0.29590634377765596,0.6527949776782997,0.16325474356899983,0.44133557623137964,0.7968504389779534,0.31382688971018274,0
0.8186802737623426,0.08920247495941074,0.5052950069257507,0.8028836746324354,0.29148118234707204,0.7630728983524321,1
0.7235406596951892,0.12616385251900822,0.6231501361766546,0.791161532823287,0.07350512057921692,0.7016373162811882,1
0.558233797718321,0.015503699577753851,0.704567025073267,0.8914877887133881,0.2815442095964901,0.8311233594755274,1
0.19938717713113047,0.5643989300545762,0.31430452918552054,0.33196813172744544,0.9296128754781251,0.26052542618900787,0
0.5972659310486625,0.05679414471437451,0.6113346061356681,0.788540096242052,0.03899203089067792,0.771554580552136,1
0.22144607315077997,0.7065274831102655,0.13505454874334752,0.4783232746761994,0.6971383593676126,0.5191949831979341,0
0.7470472375971479,0.09856706503875272,0.7215091830198723,0.96582421839395,0.28785098381648505,0.7692632470921715,1
0.6718455076693483,0.08456641730370323,0.9148919599230257,0.737147766446198,0.16649452380003046,0.792566246106187,1
0.5807919639315172,0.10541038111135008,0.8911160545983259,0.7431775345964089,0.3593742779742577,0.852386256012835,1
0.13308460580631615,0.4322925836488496,0.15565332319809227,0.15625156526331588,0.7960117373420075,0.4765885400019666,0
0.40648603766075425,0.4317809571567414,0.04088719659913238,0.22272723126946523,0.38999589789398365,0.2845107040337844,0
0.7894633936788147,0.022418354725987785,0.6553329051917798,0.78599531857342,0.13826264812408956,0.8562084528703097,1
0.7548372233197124,0.027848412726477534,0.910104844817398,0.7791905348921155,0.14216836647419515,0.7026324466386482,1
0.677725455036166,0.040969321854744306,0.9224379620295,0.9186489520430673,0.11398932001125167,0.7856932009382134,1
0.25624561756440895,0.5151729491721548,0.26530305543599847,0.4384361379137882,0.8233483777795202,0.39959435811941535,0
0.41843310326782285,0.4475084654960402,0.3447280094168285,0.16262561554810398,0.9020240315275421,0.19872522513831087,0
0.2350867874298041,0.8143385624218746,0.13397317103976517,0.5214727412280986,0.9430223400329426,0.34781074511265764,0
0.7573318609454947,0.07170678457135193,0.8157657462094573,0.8331795645031178,0.2775690161178168,0.6559809335450908,1
0.5825395122567599,0.05414064729628545,0.9449604646036618,0.769457949273766,0.16125514523289042,0.9566160416051026,1
0.7457811041110252,0.05688678605199206,0.8481236769992655,0.913342303129365,0.38012144986649893,0.7911084401221014,1
0.35773990332590444,0.4444023088542919,0.37058942769570397,0.12450232248563678,0.8863838344775028,0.5356099774205825,0
0.23816515467325983,0.352672942234896,0.37437534930826516,0.3277833909950544,0.5217679172671645,0.23951531080560257,0
0.17223493157346634,0.6246682949273068,0.19113314659670125,0.5174868928414812,0.4624080747960733,0.10064275438562953,0
0.5754233401144095,0.10361005078942033,0.5046900067612081,0.9207252457425158,0.07654246837394395,0.8439033374661026,1
0.8003439662856946,0.09363783430384315,0.8039126602851308,0.9401922832067933,0.2616627887222168,0.729695207237635,1
0.17485910587622933,0.6780558761169981,0.09820186325598025,0.2614048967239252,0.39916306342288765,0.3452875357869506,0
0.9104632041963956,0.07543621157498175,0.9137669514908588,0.7802761492594786,0.37749811779118103,0.8456372595676763,1
0.9048850970305307,0.11772901064687115,0.515937492219856,0.9106738973827714,0.24371797840990153,0.8423655987454068,1
0.5725501986603709,0.062176392381723955,0.890705729362889,0.884556397353188,0.3066143386791907,0.9693612835389555,1
0.8451587666783074,0.013145703164816436,0.6232527525058438,0.8936967996530518,0.1351079769566132,0.8980765074906274,1
0.09156223765012034,0.8895127633536233,0.10625184499917799,0.1407236064455796,0.5300402497432639,0.1403654135566806,0
0.4009193978045306,0.7814410706707946,0.28330538618941176,0.5127199478743144,0.615239727870845,0.3780159375651789,0
0.6664916560792168,0.11475635665371216,0.6311645729591404,0.8107624954993398,0.1674349687798104,0.9086407480197554,1
0.38861075191392247,0.6026735650016133,0.3108201938196468,0.5827243173003106,0.8000964997727605,0.20797700667563412,0
0.8284119186699892,0.07608937231539989,0.8247264251730784,0.8194120070595075,0.3431322404255603,0.7180631975659304,1
0.38906244979681853,0.3640804224014182,0.07299108975796087,0.10664060172929005,0.6223752998287158,0.3519507393306035,0
0.787652286140854,0.1344247311816568,0.5682796969698541,0.9632071907414009,0.14361215092875182,0.7256907064224318,1
0.11925495711219816,0.522139311410746,0.29271693996152987,0.5079778947076034,0.8740166707048628,0.4450457603522512,0
0.8974396512757841,0.02546637583839525,0.9466857030290798,0.9037637941947997,0.30833497642778357,0.8703609952290404,1
0.294889398126666,0.7049359218324929,0.23485805710596444,0.4605273304489359,0.5530207195551294,0.3707589738792093,0
0.3704616706462722,0.7053520641404634,0.1292542557658284,0.4950416249857189,0.7013926012572795,0.5330643924045378,0
0.6743929286862649,0.140112638477862,0.6567014279571162,0.7464207741368262,0.19581672992484953,0.8813760661577663,1
0.2760922792248694,0.39687470043854406,0.04846041996075382,0.2176916309491788,0.8461207083040172,0.44525502737165035,0
0.8513512741035767,0.013416109417915323,0.8965124625212135,0.9410983191718558,0.1153805256396741,0.885983053223621,1
0.7293782087913279,0.1395347644381932,0.8213537384951313,0.7883778176619787,0.31321822617187095,0.8368396281042734,1
0.10338969458371114,0.7694554873276728,0.38853116856083825,0.5201740887942541,0.7404346306002801,0.3786046300210134,0
0.24175455707850385,0.6873615462350471,0.3670272807861228,0.21751564940595933,0.8839018364529864,0.11746582651531096,0
0.3359364605878594,0.5128991133258975,0.04353967706001541,0.5558925561908857,0.6092697420811576,0.2611985685593828,0
0.3268081132435399,0.5128371340381276,0.36870596560368474,0.5882282647177051,0.8580710011218472,0.16074031873223896,0
0.7947411578889518,0.035832942709892825,0.9564145098801969,0.759649306036711,0.08080947585601374,0.744300247115593,1
0.18115741107220723,0.7212644724682756,0.03512834698938645,0.11517690276650214,0.426081079476056,0.13843111793089324,0
0.4433322979873333,0.7859546521817397,0.1694618547463717,0.30555670849742433,0.40954259895180856,0.3433721787871929,0
0.05462802317106141,0.4662415498280398,0.3561019164867685,0.16664212904108658,0.9358937966887323,0.1443460831358241,0
0.07308223204154701,0.48731384194147764,0.3731733238626785,0.5579071740953719,0.7660405120574263,0.1375205741959418,0
0.5545414579069676,0.11740636045035775,0.7658250755419407,0.850059442008962,0.1039240575259434,0.815118617251135,1
0.5543350605921193,0.1288873912191447,0.8841711237547336,0.948919086271745,0.08143514577004553,0.9792173381427116,1
0.801759455254105,0.12008830201817727,0.6661278687381371,0.7737735584441356,0.14599458564553364,0.7007180441385875,1
0.3716234750759162,0.8524148404671719,0.2403352388981355,0.39290419710762214,0.44341555865355975,0.3573538851065292,0
0.3039043175080412,0.45138884168109183,0.34845918125326986,0.4680177002130328,0.640527883608585,0.10915348684697995,0
0.3609751157326678,0.8747675159556827,0.27602736731795413,0.405188029890846,0.3877444856108143,0.13890587820406855,0
0.28847326411860486,0.543195216388172,0.16714479365987864,0.5821766170179933,0.6143618684355048,0.2555290760053553,0
0.4194414577846134,0.5296704602418243,0.06691094900793494,0.42509358322282664,0.6869567046273165,0.43155755591958866,0
0.4220863524377389,0.6241673359124527,0.1401184983878488,0.17818107082243753,0.6013597867903675,0.45555911817674877,0
0.64971689165955,0.14859443253459234,0.918065179398121,0.7587193624479188,0.061520399917656135,0.7933530952721812,1
0.13704590433041716,0.3654081693845572,0.30735304896057664,0.2407386512254597,0.58763268646128,0.18618459492256667,0
0.3078689902785571,0.6508966867834746,0.3113064589905796,0.42828135119982613,0.6655679461408757,0.48317013174094603,0
0.34674033293689893,0.7510950875740088,0.03459233338401094,0.4021522099107394,0.42568259480969123,0.34196145786593724,0
0.3548471320527325,0.640434566493644,0.3369823611192077,0.4417147075786353,0.9210214438343223,0.5185024200059828,0
0.1144766564161885,0.5611573677939323,0.07426943569968959,0.24270203423171124,0.9384567046333109,0.41165776003491183,0
0.057290178802760244,0.4009671531046277,0.20261277751778187,0.48118060685358643,0.4647452774456728,0.15388605482523937,0
0.7480707640445081,0.055091083181644955,0.872766489340036,0.8253022960538168,0.22584782871580153,0.9703232599852156,1
0.9444842977918411,0.05901753628334221,0.763774177229608,0.7982695883082379,0.034277014351584804,0.8933506083043234,1
0.6585396127095584,0.14811213483101715,0.8828283683058503,0.8902869329275107,0.3545196096165923,0.6803821054072169,1
0.7993192507310232,0.046106395786291575,0.8371831858611699,0.9532636455996342,0.3532944207869118,0.941387962193825,1
0.8418424713352256,0.09002577652578597,0.54217591958952,0.702706169749857,0.20369482566979571,0.7846900579860103,1
0.8485965620472096,0.06586037854181823,0.5586127587248129,0.960951670249309,0.12274944882611971,0.6506574046222932,1
0.235035714141271,0.7230245438121556,0.29255951282898746,0.5367671321226073,0.7071661046624327,0.5196916452441155,0
0.36140506517599463,0.3460548371332428,0.08288991437218914,0.13848459150400869,0.6479092533383628,0.4482977892823041,0
0.673811046514531,0.1337300238948796,0.6496717438809245,0.8486736405273607,0.020004421207039134,0.9790885069681889,1
0.35207187135310963,0.37197176503858187,0.27260089786612157,0.5981122465223193,0.7828694942657433,0.4000189849284056,0
0.6593628287722825,0.06718344982989781,0.9784144898494289,0.7004538805055271,0.39424619304974085,0.9005665272830963,1
0.8619502183430495,0.13914991336482138,0.839253064105014,0.781834251661028,0.0708547779398834,0.7796011452795674,1
0.6646165008513137,0.023921794986308323,0.686507888609766,0.9384099165740654,0.2072885420900297,0.9475854294202555,1
0.6971132530877013,0.03123448316258516,0.9379344058960116,0.7343174953677822,0.32191590690648453,0.7964934199871047,1
0.44078428577612033,0.6387543833600782,0.13436720146001624,0.2914166973842176,0.9310514783002447,0.2619212052864549,0
0.7172972145162475,0.04142168005713249,0.5294478210131207,0.9535245321587009,0.020560052392798338,0.6721154574578994,1
0.05746661628466905,0.7871196744062279,0.3543383442177578,0.44588881957099114,0.39385105461569014,0.44348271039877674,0
0.8236932106048627,0.04769405233291333,0.9647328453990665,0.9691442556945544,0.22573489079208237,0.6722758404056612,1
0.45608586497874654,0.5320242342263868,0.3612229821503073,0.13263837878323195,0.7255047169894254,0.4915112164840746,0
0.20804872430695143,0.8468035140471786,0.07919383902046466,0.13204735551808774,0.49021426929521816,0.33610253800853007,0
0.8282994755938469,0.02251754032371633,0.9682928964127591,0.8049373970294902,0.34491147661557536,0.8389603868510673,1
0.8403822715480957,0.14049655954770573,0.7068260113576669,0.9774182401142029,0.12313556456975146,0.9605698681361122,1
0.8729760620656251,0.1413676639549453,0.6186095523248702,0.901729262484074,0.28316232398410107,0.739366088252201,1
0.6388431241882921,0.12404046083239348,0.8452168535706867,0.8628305305082619,0.3348183337906645,0.9215846556637832,1
0.8484179517061693,0.11755827794103253,0.9413081471429203,0.9588317540869054,0.3811744848186124,0.8598603078528146,1
0.7470500417163437,0.059099654163239417,0.94973975505491,0.8658139820940134,0.21226400493927403,0.7052278206381377,1
0.10667983837071121,0.36324082643787736,0.13053320460800136,0.46610960315611116,0.6728726060238879,0.11543405558649027,0
0.9218790609370292,0.07602066639702217,0.7628443405537935,0.9889369579119017,0.1903612410403804,0.8856373987147819,1
0.7590931317527976,0.050408277453635804,0.5803916394843535,0.8786357805754519,0.23936603110858987,0.9724122949648513,1
0.34639760972289513,0.6070244682688206,0.11582569344830139,0.42367106718654557,0.6571631784091567,0.2934240658808512,0
0.8680744779074814,0.04631928068038094,0.7917944445408533,0.7803023013395646,0.026669898079318986,0.7719594858108352,1
0.5813825525369064,0.047528909715202676,0.8446990765887172,0.758584543836722,0.21682500053078,0.8667207299581307,1
0.17856840544740066,0.624824652544463,0.38307031274646564,0.321719551418022,0.393739071122993,0.3415866159261783,0
0.5643769095186969,0.034996252687606706,0.675901536738271,0.8443656273299441,0.027344499748688394,0.6749809100122299,1
0.12056571739256257,0.4249892340051108,0.20430683525913565,0.42022363699662646,0.3893756529066905,0.3790006000648338,0
0.32515862505154736,0.34836924310176104,0.0222978764099118,0.35937392355735476,0.5615175447803104,0.3570458129881827,0
0.2604565456181947,0.8151038727309328,0.21073925395009985,0.14677970345616778,0.7837035223401274,0.3907211248434682,0
0.9352890157762445,0.05021345883157144,0.892375860075772,0.8485854954882792,0.1541591488081149,0.7060103814303846,1
0.19289736511591482,0.7530801704671176,0.06683403409036955,0.21642927843804713,0.5415351786717131,0.2705301594156284,0
0.187584780851281,0.4401404166411666,0.1105500748101748,0.3878962355611548,0.6913528435068297,0.3256486631640598,0
0.41778739049595653,0.714993391119925,0.305540860661895,0.10845639996080367,0.6257688510397559,0.4791405287583108,0
0.28908230825791936,0.7169718716058286,0.04004270182164261,0.17838021432581966,0.5836608080466039,0.5053420731028296,0
0.7657368967662603,0.11232144652851019,0.5289690003154707,0.8196603338461008,0.29462864392532684,0.7207541393877444,1
0.7336543024953045,0.14481888054025924,0.518444647501916,0.9385024883638007,0.18631130469631732,0.8094496848935107,1
0.9366619276174678,0.14956239525843262,0.9022953390310928,0.9052721781966329,0.21015243536987646,0.7859461713612537,1
0.3478611346866552,0.65967668379523,0.3656284197446126,0.17275774139367958,0.5962992282184276,0.5246983541551673,0
0.35274407648561,0.48466254317588947,0.12799003237045692,0.19612895923404597,0.6007904513041481,0.15095405046660643,0
0.15173558195475323,0.7595151863308452,0.37544990607376355,0.15372527631445407,0.49799386810686663,0.47573054877345267,0
0.23144478493272025,0.6383357526332414,0.06529996827941788,0.4229639465115197,0.6213290600610308,0.3294932856910737,0
0.930024786820322,0.14827352111953057,0.8124211371426532,0.9334229652840171,0.2634337697485772,0.6929266210435525,1
0.4632788939367011,0.43963700934933114,0.38508359505311507,0.582804915690442,0.6468955709603277,0.5201169146655633,0
0.2600119043979838,0.4421543963380341,0.11838362442139305,0.3190220379526919,0.42282315472917176,0.1887591997751576,0
0.4699422894916878,0.5596628906050913,0.05410861021285972,0.384652492206101,0.46891783185300084,0.4639863425651044,0
0.1256916450949332,0.5510337200270001,0.2533907728412243,0.38989642191647755,0.5033997339990887,0.18677782402401055,0
0.601218335583109,0.05213489937255427,0.5319929794691312,0.9046199001667091,0.29301249998256906,0.6915806691951182,1
0.11589631547126726,0.5929066051864884,0.34071751933796945,0.323985828191095,0.5601119145991766,0.46301851348527767,0
0.7707627355097942,0.1076460046336997,0.5058179718290687,0.8776463058199975,0.2914441215792991,0.841630697902914,1
0.45046101936328814,0.4135174754342129,0.1785224260107668,0.10998646628901407,0.37464941897333315,0.5048256202175418,0
0.20048053054493692,0.7471288456145008,0.30064750029084614,0.16787292654995054,0.6489135795043874,0.4001665857064093,0
0.49980096646269734,0.8815930873705073,0.06129936496238299,0.162821746206157,0.9116978249305978,0.48654124620499917,0
0.5558178662671528,0.11409115588082508,0.7343557457704535,0.8409401432013048,0.39183967798787345,0.7881404007230489,1
0.20298733870696167,0.7332396385222713,0.14457851556301293,0.5039786640545095,0.7453410839449143,0.1402029560313401,0
0.4704948674390486,0.3321808749124985,0.1666993555476976,0.18125553264872815,0.8546577023696608,0.49521361047955603,0
0.24236890434062058,0.7451866377083916,0.24118664982720495,0.21823745611934728,0.6735162764763887,0.2723764628894516,0
0.7930179407605753,0.10986894202383733,0.9291676177659844,0.9841913955140666,0.24911829306219538,0.7156674058566141,1
0.4569094811334043,0.4875588149449801,0.33032899241661695,0.2876606728865069,0.3736505510722178,0.2962211383533606,0
0.15686535053851586,0.6892592316956316,0.1652069278947898,0.44361717173034143,0.9195687030535902,0.25553216666627154,0
0.4835121442007171,0.7700817360295606,0.22773736066097844,0.3319927087201904,0.9162598293272086,0.5064731300075115,0
0.45511885004093167,0.5512170859966106,0.39954131560994877,0.4240151590276071,0.4621443778700709,0.49575821208035165,0
0.2895313441781545,0.4779674892942559,0.06536478430851478,0.27764198711846133,0.49606557005924634,0.5327251490145012,0
0.37606922908143303,0.390859388621978,0.09474151497887276,0.13045277161759136,0.4513155736202212,0.21085671125903588,0
0.3006682309737658,0.6562683791660714,0.20372927234058544,0.4561101025885793,0.8562083177989865,0.44594388132452223,0
0.5864824412194762,0.13941546735271426,0.7699024716213967,0.7279949963566777,0.2610582017712411,0.9015598660853168,1
0.7565201393204781,0.12444209864338171,0.7784827372291194,0.9485819845296384,0.06567874706581897,0.7729359803406518,1
0.7891599915244341,0.0704323364721551,0.8290713378699062,0.9664886947554707,0.24057768837760446,0.8667295009466038,1
0.9223029302414258,0.02282149026572878,0.7776257201630763,0.8296461077038634,0.24555315544393866,0.9787320322545969,1
0.7834624447403489,0.040868069269824545,0.5123897153357537,0.7635299546395388,0.2248559300396833,0.9347889543484278,1
0.5557573954519024,0.1478163052984973,0.8437523236271329,0.862329148255131,0.04198089078992103,0.7060607319967427,1
0.6703513239267078,0.08038085461294707,0.8490411534878278,0.9052274710748656,0.2531695634102342,0.8276495412743854,1
0.9137281608315129,0.05584962930490805,0.9054959494961061,0.8777524789234123,0.33678698553628256,0.7831883307793251,1
0.6507129183301457,0.05219290238297989,0.7220590192348718,0.7969291124218576,0.3111240544623228,0.9538529807929079,1
0.5964290562027665,0.083596625522376,0.6308595203520961,0.8529458904155761,0.3839601243755175,0.7143418159670955,1
0.4912557021773256,0.32643951694222884,0.31250371668569316,0.42054305179107976,0.43737718802325404,0.347745385278998,0
0.30460169967844836,0.657137839631641,0.3557999077214361,0.5936842361561,0.6246587676224804,0.10725609086749671,0
0.09273437385276942,0.3584201362747327,0.16097001078502424,0.14370840393554193,0.6860695898056091,0.3062139916442716,0
0.7644385465376482,0.14567436821971358,0.7075989815984634,0.8658941065770972,0.31090776519602714,0.9148713030764668,1
0.06806248658841493,0.6293457789840431,0.22889255696205818,0.10430950129589014,0.5934286545085686,0.21113443561017814,0
0.13577442488350241,0.6630537111243231,0.3046059973269515,0.4551757503561661,0.36948246301504895,0.3023125088141181,0
0.35289145891004764,0.8670144387483414,0.17199354695155603,0.18698185295166933,0.6116422881315875,0.37171138547968907,0
0.8608587663709747,0.1324582341757879,0.5173569826518858,0.7272186125987733,0.26951980800899294,0.8000722330423782,1
0.26695944451392883,0.35817940257925485,0.04007414081859435,0.27119756164792985,0.9415605011749506,0.19609186504777815,0
0.24348092890091977,0.6429645896897663,0.09083952584451034,0.23754944077956222,0.43163374065898574,0.5496432845245485,0
0.9316204109034889,0.12545533522952088,0.8972181898720997,0.9178416338644413,0.12082393227107745,0.7194672900895632,1
0.8288062963981071,0.03173363443029975,0.9690436084262323,0.7583954968194325,0.07190834338744559,0.8065041569223947,1
0.5663474465065916,0.028212073618288473,0.5058120681127459,0.8847016720618756,0.35113733299252464,0.8683501956776324,1
0.6940762565645051,0.06560569414658367,0.535134043408853,0.8517655930464749,0.19635616059233146,0.8287811182082958,1
0.9392042219009782,0.058488439211234575,0.5023711908485167,0.9119380798444117,0.053930019319717706,0.729707157761555,1
0.0865533356630027,0.7814376183321796,0.28641708319842263,0.5080283785571618,0.8789812095052464,0.36360022191897146,0
0.5988152939379116,0.012809967688881692,0.9169391206186932,0.8079284369128789,0.23041036443604423,0.7091903450640294,1
0.6851980627406143,0.10406498410382196,0.557700346577892,0.7189093314655427,0.3374824857820339,0.7105359248131334,1
0.8107845038010402,0.027452775368457354,0.629479813528155,0.9628668614698792,0.11379307029672286,0.7091535743939626,1
0.16099637711243292,0.528571107014085,0.2058383921707276,0.18167722487157825,0.36081740537534734,0.17244299425931864,0
0.18024778472876957,0.48775172881729356,0.17987989377607438,0.17215602184374076,0.36262214147628113,0.2776632772952152,0
0.9068186220708453,0.11325017473536475,0.8067775701514401,0.7743937181088318,0.2076493353736329,0.68476400987884,1
0.86931807158671,0.11023611203863563,0.887766052131804,0.7692509013006463,0.1597586753473381,0.9282976353700014,1
0.773361699894322,0.08405119876380966,0.6455016108537577,0.9637917776366118,0.11135158689953263,0.8726794797152455,1
0.07260935442034197,0.5488953933128112,0.046234036026322464,0.13401865704583485,0.6451568144234776,0.25602344255616005,0
0.7807615538505437,0.029719982853171976,0.7346463585233217,0.8345404211396175,0.021658042467117455,0.7309662636748496,1
0.32575812599142967,0.7995670639956787,0.09059524278550897,0.20294099408916058,0.5524862274277831,0.5087845482708564,0
0.5548617898759266,0.05148313686383861,0.6826991808687585,0.7302251928144208,0.3597558349626353,0.6563178064389561,1
0.6628138290285226,0.10637633549988303,0.833669385942845,0.952649299856285,0.3850382506950159,0.730320905462115,1
0.6197465716019966,0.030988439828828325,0.9179599526108054,0.9727969810834487,0.26338089602682074,0.7112634126174102,1
0.32862773091462655,0.47883972070200254,0.29284538768826057,0.13610659266759398,0.799399410442974,0.46572980693710575,0
0.11771252195269886,0.4682008515308475,0.18103264557375087,0.3727139751058566,0.5755827331574834,0.3068347394604072,0
0.2969927606941699,0.752741616723442,0.22663908674886382,0.30323135897603615,0.46028773368908893,0.38314863685373146,0
0.9261834337411656,0.01183322392236671,0.9655577821314898,0.9466786567739299,0.1332598392829884,0.7872057841626963,1
0.6209758175118891,0.07087582740452446,0.6940730086900602,0.9221587851952378,0.0948317676923028,0.8339212659590927,1
0.2977985207483832,0.3839924260330577,0.12516657014149726,0.5293000534912491,0.7480942070772261,0.22383559529806407,0
0.06560271690172988,0.5035443967043018,0.3801207472844263,0.183269256748635,0.3786688188088432,0.21271732603739357,0
0.5931565707973219,0.07735961425967444,0.8391083487137125,0.9272996175007652,0.17488199925805042,0.7930823215687628,1
0.35436248054272584,0.3001362229309533,0.23984589091734196,0.4587806913242679,0.9491364839513772,0.3168977129797902,0
0.14464335032860715,0.6625877893441919,0.3340565516070295,0.35900767445425985,0.7616546923660921,0.33410372009639056,0
0.7813120563984696,0.1219882519522465,0.6558011983521297,0.8562235214062871,0.1481913077722552,0.8038822195262562,1
0.6642848345127443,0.04342880040756233,0.6000850468915212,0.8715921770688344,0.21634538638598175,0.8002067572721067,1
0.18312084387344124,0.7453753388921683,0.1870339178737015,0.40724973012759624,0.5692201049303917,0.24602799212602633,0
0.49564953670714174,0.7860966539758216,0.3668643041549875,0.16516021658616795,0.3988843386277651,0.37699868043693063,0
0.17416521247124608,0.8768499717852298,0.14643720107394403,0.4346341458754175,0.42023864778911757,0.3868320755175326,0
0.9230913933416053,0.04133446607516723,0.8747655613128511,0.8431285082986344,0.29715102175343866,0.9718632340480933,1
0.7980530391206146,0.10095053085893158,0.7412317167024524,0.7813981324996325,0.2835748618400422,0.8502594953282459,1
0.7555957956639243,0.09636976857260389,0.7205344488348736,0.8891645780916625,0.16459672975055992,0.7535789139184152,1
0.9377210142476395,0.04055554430110898,0.5832917671935242,0.8838901690991361,0.24462951523823626,0.8112035587777688,1
0.8139936184136716,0.13718307858670797,0.6560912308278535,0.7233744389895661,0.25741786785997295,0.826732758910292,1
0.829264685607898,0.01809797471887549,0.9635946373535456,0.9327498470781457,0.06858938446451868,0.7445514511459506,1
0.41244351937069057,0.31353870702320835,0.12712897512695562,0.1719339831716649,0.367579665862051,0.2853759468755187,0
0.5622000999756198,0.11111737045979227,0.6140211828196772,0.924927436768345,0.22175631779659566,0.6721012919683397,1
0.5527808522124763,0.038227824806684234,0.8161797322404205,0.886274402512516,0.023368048343118182,0.9639919343583397,1
0.09700453314506813,0.634724205396044,0.07819491003190335,0.12755076757941555,0.8316184432016129,0.49363618307003865,0
0.34777340718978045,0.30831728154771604,0.2664995222757985,0.4371467868500123,0.5141998309528746,0.161426355437612,0
0.9009357413523924,0.05839743909054872,0.6239040476965412,0.840060972904753,0.19075290197506398,0.732485792311215,1
0.4681151227452593,0.8231478367683034,0.15031327184849444,0.21258051210796594,0.8057120892301664,0.2676957084523663,0
0.6460582475112773,0.14121198821310316,0.9296565155391374,0.868837636512293,0.3874734045973356,0.758316924873852,1
0.12880541305865895,0.45138715624181225,0.09570348061808907,0.26036679115578565,0.4036838736862323,0.4264606758025733,0
0.4104413151815142,0.8268201077066744,0.2292509745098944,0.32967182779697823,0.3631890888857737,0.42815811209390564,0
0.605530869059764,0.019429084205628035,0.57208112039218,0.8086203372358352,0.08811713252496023,0.9639767924688203,1
0.5888705975083075,0.01919920951996933,0.8162650257116755,0.8581752421280026,0.26979432322464886,0.945572676614197,1
0.39885982332572717,0.6395103361879481,0.2517288493882845,0.3841343081343842,0.5532397734646588,0.40466701669690464,0
0.9378338511058234,0.022168840332239315,0.8823378996685647,0.7829129688793564,0.12269412300969765,0.7177598697732439,1
0.44180106535648295,0.6845793168592547,0.08367528493571247,0.2208006382178815,0.4273415510440993,0.41179529246349356,0
0.7556937753654447,0.1146459313387259,0.6316232971273616,0.9808617455023713,0.3832491550030213,0.8617723511085242,1
0.6150467757379565,0.03434533489072822,0.5507190484456371,0.8151343619587855,0.04076107960036947,0.8554680760875571,1
0.8708787923016159,0.03249539225633779,0.7303706406642193,0.7477962965615367,0.03499462249854174,0.9684550719199757,1
0.46964969528869044,0.5099627121424284,0.25453380630444733,0.3938992246858424,0.7365278095937706,0.26498696504340546,0
0.7510548372420769,0.07334153225857706,0.7474860937180401,0.8639457738257669,0.2874656948210459,0.8505583854215654,1
0.48093424082266456,0.5764401601450044,0.3442605309333027,0.48486570914844007,0.8029595238710302,0.24149534761513247,0
0.30497236650745835,0.8034879648424516,0.09827241363324545,0.5912412903006239,0.45248822378372644,0.30403730378092064,0
0.07024856955594097,0.8854672911293597,0.29377356175584735,0.32556503489892075,0.7788176534039732,0.1386074282047703,0
0.5841389859975072,0.02197119431962553,0.9144001517944761,0.8148314370721119,0.31371016311292377,0.9152587999138374,1
0.1623510287331036,0.6498781314597502,0.22693102336877669,0.3223563884291679,0.40443252964869847,0.4682622886278476,0
0.6063696899899051,0.044434081973831134,0.6883969070752087,0.7125203833811333,0.17015234244044106,0.6549865257907768,1
0.8210257447369129,0.02548844317372901,0.966269645139987,0.707015611528493,0.17393902392047522,0.8662073257930316,1
0.8314631437520095,0.13800183291846985,0.8269365699031918,0.9121339821987051,0.2269032864640999,0.9003760559840939,1
0.8600531293444458,0.08519491585459668,0.731130728726024,0.936624612300899,0.3872386066292348,0.8094031001944337,1
0.10417441045509006,0.40847109033742773,0.34377839800578336,0.561865697938388,0.3816258739120634,0.3871629561323212,0
0.300460292825969,0.6727983744934244,0.022349852603540738,0.24064228177651706,0.7141838697645593,0.15682756266305603,0
0.3803680665687408,0.5214817162855228,0.12709350125227936,0.45934963298639797,0.7122756543716708,0.14092095246086853,0
0.6036060913802563,0.032204714741030316,0.9605967892740961,0.9617114591128941,0.29701280342921027,0.7403013378940546,1
0.7255885682822545,0.09264129195207307,0.8902331545837249,0.7408063431341398,0.3137939120890952,0.8885034582388055,1
0.7388859700647797,0.03618612479805327,0.53771767863441,0.9876248858913155,0.16262536500944869,0.7335235079292709,1
0.20318520025141684,0.8986496334061205,0.07548798733284577,0.2833394398514907,0.6331415063387138,0.21303640207201027,0
0.06253350836948349,0.8896437245462316,0.03030052788776858,0.3665276450473556,0.8182826830280929,0.500387045632921,0
0.9198774473114251,0.04525186824697339,0.965317914720938,0.8328741971539888,0.2111719012963378,0.7522362688564148,1
0.64489963499872,0.08263732799765008,0.9495707323015815,0.8192177247542048,0.058719107465085144,0.6887919290495726,1
0.08810975384388808,0.5358882776964091,0.22048342984342295,0.5218643963551287,0.7269239582558263,0.4649970548373932,0
0.29601305693245855,0.4213763694949222,0.20053812946285376,0.5878009595783262,0.38169553634516146,0.150778245032598,0
0.7643098736299034,0.11415248096017476,0.8031489056444099,0.8113115560605827,0.047702697439803335,0.815868310067943,1
0.5680909155642153,0.10042841378642416,0.5308202897960643,0.9441795803381179,0.20578117608113153,0.6749425925718421,1
0.6280971951192178,0.07977148818352715,0.5670326022830302,0.8764729090819753,0.29095749924104114,0.7790408468120416,1
0.17385763146665373,0.4434398304450178,0.02798347965481708,0.22857617555454793,0.9113138136553143,0.12730738102780706,0
0.22099058553442757,0.4491629307679838,0.28408865058616084,0.48591801761505493,0.6961616740069038,0.41469081451988676,0
0.20185442553390304,0.7030253155464365,0.37650884555939457,0.5996751502361001,0.5178601585322244,0.1708172125074597,0
0.6668578594140873,0.06186609439079348,0.7075207045004489,0.8783537607312712,0.3073611733010672,0.8761964814632275,1
0.4542739099628157,0.6034180462688243,0.03492071962649089,0.3195653304024253,0.5412903937238027,0.12463524201681782,0
0.42156992820230016,0.6513382372759812,0.049585477451332446,0.5833111104480537,0.6610192780011923,0.15807930617307836,0
0.23883232226306467,0.7074399626973824,0.3074514134357865,0.3150713660484131,0.6249228831513296,0.4047853088510468,0
0.6351856646035643,0.028041781446282325,0.9052913997150156,0.8223899354370153,0.15122994185305738,0.921385799691167,1
0.289207468709029,0.8245844004822485,0.3096405821593873,0.3863851383434729,0.9018755430676617,0.5116371979274472,0
0.21164393614221066,0.5492658003552537,0.035768983693764425,0.538560233831144,0.4420477294334528,0.20600467056752558,0
0.3082774397310547,0.7320944765585642,0.25431635170280453,0.48106481022516234,0.38893956772304566,0.3391029789564741,0
0.6850460685614512,0.08322915946767669,0.978240279707236,0.8750114233129719,0.025439805513482794,0.8296038088175203,1
0.9064572454792283,0.012502350862677933,0.8868441920564581,0.889145035268187,0.17939023770377915,0.8808810579753001,1
0.6772013899887456,0.01930947743134885,0.9184561119642568,0.8796809078633538,0.13377032358123886,0.6706336775951391,1
0.08122733865688253,0.4539883243116575,0.3722248736154284,0.45521090750620585,0.8573064865043363,0.2836182077212675,0
0.3095858215097151,0.8758746122429102,0.29668424618774325,0.3134473639116513,0.8228210897450132,0.5224236858900384,0
0.07550619447462593,0.5260058642576775,0.08864986569829521,0.30808047320307885,0.914414112633939,0.19370431387369652,0
0.4081668742145761,0.7135862472616142,0.3575127128712956,0.34550988133445504,0.6777485600785105,0.32576462470289125,0
0.1233586012166988,0.7013259186244112,0.25693201827398815,0.5928003669764002,0.7077551451396212,0.49712279728066144,0
0.94718591844772,0.06988823872302072,0.6462459867670596,0.8741888092990232,0.20100757865441754,0.9149276084920852,1
0.08552273132595001,0.32417131126679904,0.16139125688590045,0.4838823088571689,0.94347519146524,0.29700166478482903,0
0.6746844304357644,0.0931029434975668,0.5629975412875461,0.7352353991272662,0.11854726098049591,0.7895004501749976,1
0.6252484638895046,0.08177639154231119,0.5702595162378796,0.849806062249334,0.26876726100906273,0.9413618894511784,1
0.7208431154505025,0.1278560287461581,0.6617099800501313,0.7269672855487083,0.12592875151753014,0.850221469156754,1
0.22429513308889132,0.6461889674506092,0.27987064746543217,0.4311589567697912,0.4735929105130839,0.25826941808146375,0
0.12763574462586294,0.40193224393143434,0.32998324463792594,0.43111607916479655,0.4755836455005251,0.14412004214992294,0
0.42101218292204706,0.6660647532217409,0.18640195711430665,0.2547312882230912,0.8787504090091338,0.5033063121157599,0
0.9462020568002693,0.12191822305565708,0.8323693526356974,0.7754831886941408,0.2904546661834985,0.7565990240988509,1
0.9009888054108212,0.020519289443013226,0.7384480922524013,0.7881444563598099,0.321394292118761,0.7356602282607663,1
0.18497393139966017,0.699913186015821,0.10209194734936744,0.11232220231816134,0.6433705558630711,0.5075905557864016,0
0.31740882228886874,0.7352229601409146,0.13318657138828027,0.41401523228476855,0.7385118773420978,0.3804275910394843,0
0.9379657591258412,0.13069786641716308,0.6455720708324458,0.8762925120863041,0.33037619727214174,0.7386255152597021,1
0.5963476238100519,0.13117099762515722,0.7394663136566509,0.8638563779291146,0.3218000517687741,0.9617629653984163,1
0.8096841208464254,0.1477716856879013,0.7475261252943189,0.8745577949943881,0.12734192271127012,0.7015481676665852,1
0.18336092608097976,0.37397026757936813,0.169581497705428,0.23407161480596042,0.7719680324253502,0.12569458530032937,0
0.15813460555266504,0.8145183646511542,0.25230982937413593,0.5538806218250893,0.7682078083605577,0.4868865125582802,0
0.19185774559225288,0.4748166437026467,0.023453073281462202,0.122294046367072,0.4019718565128164,0.4470511668806817,0
0.9315714308010349,0.10289523208233947,0.5450723435789209,0.8627546086019322,0.06003867045532546,0.7915516300319476,1
0.704694138520215,0.11111535957502927,0.7471123298862513,0.8246004756942912,0.24932737649648387,0.9409579019083576,1
0.10246238355006353,0.41067543063593004,0.18229991723693043,0.5872196553192377,0.43530882583241093,0.2477147901748017,0
0.6269156075234683,0.11495125644400944,0.5342032293273241,0.8872884920230804,0.13021730214572602,0.7728171742314761,1
0.708617112928508,0.09845389378233356,0.9282006506913125,0.9008229197340754,0.31875814785920203,0.9272356658849359,1
0.08080270365470756,0.7385222074656963,0.2173388232040752,0.3903779995278296,0.40168146292942175,0.13228090468634124,0
0.47231697119636956,0.7824993389903305,0.05228719015799724,0.2762405234716756,0.36084865532341126,0.45158079133256157,0
0.08915774823625494,0.7920405012333898,0.3752222966472577,0.29314385257277265,0.8020853632678884,0.4278222702313481,0
0.7859670747418532,0.12451538337666869,0.6558444449072288,0.7126843309695947,0.2864445474042987,0.8892520051787092,1
0.07275789672090299,0.8859366139937426,0.22457797879838864,0.5115017872234674,0.9307187395708131,0.4470593833149302,0
0.42989554637876437,0.5977435331404883,0.1399026086519915,0.557644970189637,0.5794179986369767,0.21812963071742458,0
0.5732334448672798,0.038886720576810946,0.8279817807711225,0.8917974772104201,0.15854561671506517,0.9490087299588159,1
0.7545369595443752,0.01355408979244828,0.6569759175503546,0.9550787379359434,0.3582817010017463,0.9259188420583921,1
0.4223988735233211,0.5035831603857405,0.3145891247816413,0.2067714272451707,0.6714133822736179,0.24427895794760207,0
0.25206744556855665,0.8643023717276417,0.329465889854251,0.27983778061153386,0.4933070962421641,0.15864309464108092,0
0.6856119164194803,0.012535425734917671,0.6617615246870174,0.9178987749484232,0.07429286530897646,0.7669602331017081,1
0.9379515306830556,0.04270508514698739,0.9214276738136333,0.8115082850169956,0.3796534749971541,0.9071038535106096,1
0.8921842336044028,0.012574694716645343,0.5869516877766465,0.7230279095464786,0.3967046025944038,0.9497154012711065,1
0.3526282682031421,0.41227456224630105,0.21171111114083757,0.10848456465773323,0.9151433523562521,0.2843024172681292,0
0.1480511208320348,0.34056284968342987,0.14025370973227816,0.26545738289009757,0.890978737691816,0.30739093087134345,0
0.7863571772752967,0.12497602265408178,0.6140207959634613,0.7075970454742988,0.3731066603801045,0.7851914476140776,1
0.06802660357281252,0.7599163897329764,0.17713628151018448,0.520811003771387,0.8742068207364492,0.3643164408590097,0
0.15823921333106694,0.7587905702309241,0.20023729265000348,0.32294330992990394,0.629166518765554,0.46755701630845636,0
0.629486272613669,0.13554715944769952,0.9128587506508181,0.7619182962300948,0.38633096192289523,0.8513024476362303,1
0.7682467157263739,0.0645013859658767,0.6319068970631053,0.9440197903945804,0.19011590165595896,0.7371404549489272,1
0.4303043831732156,0.5988779661288255,0.3314574504281051,0.25781660768357617,0.6781493082758745,0.26707191422742727,0
0.9302857225639665,0.049002647464474205,0.5118017199002247,0.913877424243112,0.04725051776210738,0.9129048610731528,1
0.8757873930355743,0.07949127460817308,0.7914051373226147,0.901303666317851,0.18930582272191854,0.6791670325048912,1
0.17239937240496023,0.5829896944503572,0.3487270177626497,0.5841634800496275,0.664552832322642,0.5400341620758019,0
0.7833475060388638,0.06848734950342672,0.7385424717947985,0.8285802041699644,0.24101647133589355,0.8477696983260145,1
0.7618602313424025,0.07468081251017857,0.9655141016377015,0.826686703758402,0.11193403851990125,0.9234233473090068,1
0.37795012450279136,0.607435692439264,0.14725375025205428,0.44236258194050226,0.7515892498181009,0.4900848458621798,0
0.1285912336533483,0.6572198220941237,0.35945570763948664,0.2879106095039705,0.3559815408407111,0.376030830934977,0
0.31860981074599526,0.6507258679556749,0.31013602059392065,0.3724005426380492,0.8387750336155503,0.40857074597110643,0
0.46690870908028315,0.6978163222338885,0.08993701337908114,0.4153176474915402,0.6743316052333544,0.34334453408524435,0
0.8170230954084108,0.14628845568483556,0.8438352262700874,0.7447933266947638,0.07976381910829183,0.725842819513214,1
0.8841209982356952,0.08978455588198431,0.5631524888610847,0.8704531146500375,0.13221038773821844,0.8120615906964446,1
0.22644210960705774,0.5350454703373669,0.3331191077143918,0.25204731798564195,0.5639353527061332,0.3374108300914077,0
0.05287056953296581,0.3548531950902829,0.24830101674905525,0.3264416802077559,0.7524363952655604,0.19025409681463146,0
0.8358383690800248,0.0782403677549319,0.9485292928666469,0.846509964337225,0.31761539705347785,0.6719328975061698,1
0.8666316174903395,0.10763883741455757,0.7232986938961847,0.9040689334636307,0.37195374600407716,0.9022366175240211,1
0.7266122005493508,0.13068597113850386,0.5964481705563471,0.7873669256204001,0.29696734806257985,0.8359204657351712,1
0.3541203162968331,0.39524205802458573,0.14780288982272674,0.5172291264280483,0.4084260374648025,0.18084304807990387,0
0.9050816731033199,0.12823691579490984,0.757197288547079,0.87352367044635,0.05625172537902004,0.8561226358777954,1
0.7005038342123663,0.13181384234613017,0.8753734820817852,0.873703767371391,0.23434813095673673,0.8457422122830245,1
0.12230581312033034,0.3368677740784725,0.07643257702459871,0.529161469439429,0.5504273290519757,0.43499897552689926,0
0.8755180078827794,0.1398853196473298,0.7429480941633172,0.7851117587303552,0.178295014823271,0.6599085817586996,1
0.8814950036607717,0.09480847470996419,0.6489737402833153,0.751454343146215,0.25689426410058724,0.847684713759626,1
0.5784754593840916,0.014365638908579854,0.6040351040435723,0.7658820715368193,0.22769931397227205,0.9189301104183779,1
0.2755740400815782,0.8299641608557344,0.32714192026218575,0.2208294604095926,0.549979915922315,0.2988341686409788,0
0.35482690844999276,0.6314196826903407,0.06174798322149752,0.4464601146123943,0.496080226440056,0.4123592442893067,0
0.8952413703502373,0.12439008993289917,0.7967147524726972,0.8997767375945263,0.12479167593551564,0.8930566253504816,1
0.9084365199693973,0.03537262926319242,0.5765814464543304,0.7009332964452408,0.07108534917508631,0.7316947241923625,1
0.7938257335919587,0.0637447709922496,0.6660487964225422,0.8276577094070923,0.04950674717520992,0.9454642094205459,1
0.2300955241323524,0.6462702494327439,0.3713638806288819,0.3114717718707789,0.6557053239345212,0.12180890461412006,0
0.566291520927588,0.04812302571271165,0.5585053248017349,0.9581748353751627,0.3183720263963952,0.8974926734891834,1
0.2598347358229185,0.5725101976420237,0.036378041400363145,0.5766535837911863,0.4465161760910587,0.5026364068740855,0
0.40078251564082856,0.5300382846349554,0.347924656858947,0.30338687428600264,0.8939919781711994,0.3207020935311775,0
0.8033615026041694,0.05884155731601934,0.717112776568784,0.8300970829768173,0.2581051542154199,0.7157592110340443,1
0.1541212863695816,0.6453560571840493,0.1830768069441623,0.18794514170933105,0.4669656613820959,0.21951441923831197,0
0.8714688307596458,0.12628671709028208,0.7526732772493343,0.9569967763348717,0.027264115883310333,0.8937786397397669,1
0.27512534084349216,0.5748171699503213,0.25372650652558526,0.5632926916091906,0.8197091707919945,0.513228265920981,0
0.6609524731924531,0.09508315128304026,0.6913582533307103,0.7600278477471437,0.3130266700237169,0.9407210918610869,1
0.6716968971838151,0.018550914379680924,0.5395429018956045,0.7856789854684518,0.16599855093460408,0.8917906866947926,1
0.3341188967217129,0.4499837345212978,0.3177305709834054,0.41577218933808013,0.47070513937332764,0.10412449758271743,0
0.6144885149016018,0.09338942368509819,0.9295119949090532,0.9542287209301781,0.3557166099347031,0.7298672863936895,1
0.5672639647802304,0.015893046549090663,0.9166672112515761,0.8414234499001667,0.35917212644486035,0.8512001503003632,1
0.2648076791550806,0.4062493532383739,0.34601526731898496,0.19624657531791354,0.44084626636165103,0.4194032726007877,0
0.1971234609515039,0.4446991285846572,0.32779192259971957,0.36879056902575713,0.5722948622357085,0.19473781979827587,0
0.26926940934502286,0.4505274599344201,0.38015628522830736,0.27391117371652296,0.41347791216367935,0.5043686097560366,0
0.5615130705253356,0.13332190628784996,0.7341699410846539,0.7192687148631747,0.34744254343919123,0.8109853251195241,1
0.6623089449763423,0.138078426149534,0.6478063719637717,0.7330877776175007,0.38709805194889735,0.7224527946658347,1
0.30739814522761677,0.4191789683171215,0.13570636125453156,0.24971156240155332,0.760525445113092,0.11745975462799937,0
0.6182096494749166,0.1353289572762079,0.6103782108277214,0.8745456609945333,0.3341487967017653,0.7880501751537524,1
0.3262866378463547,0.6850917100808612,0.261422871749162,0.22232752730235653,0.5604258727952506,0.4579949763669917,0
0.9379639408647977,0.12191745584726596,0.7166657716782442,0.9216680720443033,0.0734101276797771,0.7449188005844138,1
0.35054055801536604,0.39086731316121437,0.13323134948842064,0.544500305407333,0.8615255869253001,0.25998840871840345,0
0.7054709158757928,0.05985354162569847,0.6291168341288469,0.9251697594849202,0.39766238778188534,0.7481059608014201,1
0.8761845713819336,0.08343159453983565,0.5190170361672114,0.943803878123248,0.29441442947324425,0.7394617637421417,1
0.6397077237842239,0.13891786356643213,0.5274016909228711,0.7403811576241026,0.30154354133778716,0.8790033648683517,1
0.7302176541240374,0.0772821208257307,0.676524488421099,0.7350972501407059,0.38184427856508596,0.872418088688091,1
0.11355059451791727,0.8099755983019232,0.06706149014821064,0.22199765117623613,0.7389541724466933,0.3400660939351523,0
0.367810773149868,0.37460750485852223,0.2231325032793973,0.5338510489596195,0.9039716126083613,0.4190050028132122,0
0.8050229885420852,0.04919707311243978,0.6683009269804068,0.7715368707112706,0.34814805855552716,0.6550803142581318,1
0.38802971162931926,0.841441965666405,0.23620308364710327,0.5385637809492508,0.909915750229411,0.10172363072514516,0
0.8232027093665427,0.040091653002705945,0.9141425972207498,0.9481638050826781,0.19467265075301127,0.8684497517819767,1
0.4643328426541859,0.33412883866658794,0.1633980071827273,0.20548494530997521,0.7781961698672922,0.5080899598029263,0
0.08025538104075253,0.6247620665650069,0.23795404641014978,0.3626591322253607,0.7356839546517042,0.23657675911657852,0
0.8024554503989052,0.073310511724573,0.9166007813696107,0.8897106344274816,0.16730654607314588,0.7233792305668962,1
0.7212736593269258,0.02194895353101014,0.832460457068559,0.7196238249510004,0.3835839298840288,0.8150372081852869,1
0.1955886856184712,0.5092991444751781,0.2369244957859294,0.20604061873868887,0.8829633179069035,0.381816673598092,0
0.3029849649790363,0.7794947826628693,0.22088950951592473,0.467614259050798,0.8284523323649986,0.3019831145434014,0
0.6672843086792258,0.03528054831782669,0.9771868933861604,0.9405244528090656,0.20958035252365792,0.7532167364394169,1
0.8150089137415928,0.1346738193035853,0.8005857543830794,0.7698008864314264,0.13488663475356763,0.8825029612490569,1
0.21862488672831942,0.5464095798061698,0.3563907739088748,0.41337667427116565,0.7947852250104572,0.436902478862946,0
0.31246357654065054,0.329532548724457,0.19805165794463117,0.18739064243746692,0.6318825928692089,0.3889496057614845,0
0.5853970008207678,0.04972862681182142,0.5962518688161617,0.9189621593364207,0.1887366246968371,0.8492002761845938,1
0.26063107440543054,0.7537522748534606,0.15388428061596493,0.166889072496984,0.6065251132158271,0.32256867374369147,0
0.386185220208063,0.47896347254047367,0.3586332348815336,0.5978225883371746,0.3560281886328989,0.31788302424516857,0
0.22781988386253726,0.5444193145276994,0.25969275966559585,0.25079343493677575,0.9100478762140728,0.1777407932264893,0
0.23348664725122953,0.5395995481195336,0.273340547719155,0.2748071994038611,0.7943057127309912,0.1384338172637194,0
0.850949811775072,0.014752437002011839,0.8507122449148381,0.7326483132194617,0.15567115070860463,0.6547458772037881,1
0.3045852277759801,0.8933043247821979,0.20936655075181013,0.5054675963363053,0.9231050962868794,0.3614358639842167,0
0.5904490704491161,0.02687936400881903,0.88181598117907,0.9471565235734426,0.12977627678548295,0.7959569557988746,1
0.9302428587750224,0.14216830755612586,0.7558197375446409,0.7052219011241317,0.27330818203771534,0.6574005434234782,1
0.8283896824374792,0.07105771407894433,0.5036301799895082,0.7441102421344591,0.13392420047478965,0.8683558151719526,1
0.7686841117373119,0.12048397340502734,0.9420069669515296,0.9572082210606881,0.04190608123562946,0.7812120849224473,1
0.14560127473796283,0.5118617333630338,0.3775770825782861,0.13763935832583682,0.45087085855863507,0.5475539155080362,0
0.9061055135563665,0.04243403819368207,0.8671087044334378,0.7568683366941339,0.33761385260599613,0.7897005975705552,1
0.07232646800247686,0.8727395573152865,0.07026211173742306,0.25641709876211005,0.5330598120917159,0.46346606606982577,0
0.3095965405900438,0.6892482683370109,0.3596947340545964,0.18228302921466746,0.7599053379438908,0.2871611444338793,0
0.3176813207758593,0.6873433088564569,0.14982362282242867,0.13302765391108004,0.819647404550832,0.2793154429491465,0
0.2205682184223658,0.6082247131291829,0.23949297064211078,0.27727410441430367,0.6155929089562598,0.18980722715317244,0
0.5798202574719084,0.0361193833671828,0.7880098630972658,0.7382013443018229,0.20070749424499412,0.7327947050780639,1
0.8309936335948437,0.035469938269337954,0.6953158211469779,0.7750000421175312,0.2676231089813651,0.8350238373298535,1
0.4506729443848697,0.7921519913669339,0.3572213234407369,0.21023524049968492,0.8627092615464497,0.4966686188150098,0
0.9187496940092468,0.027861242391378924,0.7065468295517421,0.7731498958502748,0.0728947465113643,0.9696173194609644,1
0.7972872253265044,0.04220123722027842,0.8191576277538646,0.9618395486056763,0.0650309969672976,0.8997209551326274,1
0.354417687284272,0.827567733694204,0.06904707383373496,0.21836023792691647,0.8443378289747985,0.2945967250224264,0
0.9116634777974993,0.010894022040356702,0.6804263768699692,0.7995185324200709,0.3798944535012373,0.9064262642650796,1
0.8015771387119536,0.024923755438728053,0.7853486408893631,0.7096249128231036,0.392853161082364,0.6602792006218191,1
0.5606045242166487,0.08264847873959724,0.793270874648476,0.7411718770306882,0.1985955419000159,0.8797315278955153,1
0.25252638774180136,0.3784303941538544,0.15809349415978224,0.5098385013902296,0.7955815938090143,0.31181767629217183,0
0.597010498710842,0.13231479598608742,0.7882852800130963,0.9244251001617454,0.34937273471228014,0.7408451104391138,1
0.5865146707144535,0.07851949491003965,0.7592057190101651,0.9641233468767354,0.29296584664136155,0.6633157728637009,1
0.7324279936868143,0.09655566801424142,0.7014691121245387,0.8867322335269279,0.12991301334960872,0.6686732665284162,1
0.5890688456025536,0.04394587050886215,0.7271407552119474,0.7980975767384045,0.14934709961671216,0.9735216845109211,1
0.8081889183628671,0.09128236903892607,0.5968896570190152,0.7653419096858581,0.38129362893790847,0.853379160355489,1
0.6088293923716153,0.11917835532116008,0.8303046589215402,0.7888309146456817,0.3388189845328441,0.7144049506821546,1
0.9244619096643123,0.015116953498733283,0.8309728404951493,0.834065712690176,0.33242835699024087,0.8783843035180418,1
0.224926856544446,0.8952813836871498,0.3963083648222777,0.548766163261042,0.5637163660768276,0.12338474415903113,0
0.06159631944395802,0.5578040180130888,0.25193794297089966,0.4217144747586654,0.4660035401672313,0.11780087795317593,0
0.3716389743997756,0.500515628503866,0.14708816030487953,0.4128249564707266,0.7820668001089675,0.3695549698961055,0
0.581093854785994,0.03610135670019563,0.5648798187943149,0.710649195125238,0.1273395220206014,0.9424108336533588,1
0.3302102934274089,0.8250801711726914,0.09427404013999197,0.45381029287026764,0.676894805404059,0.4706850078605349,0
0.7981238205413859,0.014094619624838281,0.7630205547073726,0.7412197659001026,0.3266869434693472,0.8016627388804956,1
0.12210152043942783,0.6692524678925014,0.050291727811168294,0.2330506842686543,0.463960846196612,0.4448368320035051,0
0.18789477021651724,0.45371490866361297,0.09945699854405342,0.22641870034514464,0.5640622942095507,0.47914952565933167,0
0.32269863527196146,0.30642917861721536,0.039066633121590116,0.5583780015593733,0.580165424213095,0.37836331708245197,0
0.6475958573516335,0.13877978629778645,0.9632569742893018,0.7754457593789948,0.3863497982662411,0.9439823265444385,1
0.7670578538830306,0.04334558934654171,0.8338242592111338,0.8904662303700452,0.1771842164690814,0.9151674276226591,1
0.4926052429311484,0.5148838299174867,0.149201666702759,0.4277549859230563,0.7401530426561969,0.3089576124469638,0
0.0882753734701585,0.8921375672329785,0.10635920035267168,0.5735764680031774,0.5441147682422227,0.2849198072332413,0
0.35698626016479446,0.6333297419313719,0.11912271346559379,0.5801833873110651,0.7937379488667609,0.45103781068073423,0
0.14339342129256655,0.4988113312417902,0.1241154777985893,0.5219064318291531,0.869957413157302,0.30241179581699296,0
0.36924748908528865,0.7548242526067299,0.03308389725785953,0.4596940777874101,0.8973245427495092,0.28600410694203654,0
0.37916886186640214,0.5830439025110634,0.06034093434803754,0.347185405522879,0.6875932537416454,0.19264928984496976,0
0.23144349025996352,0.5494911408110467,0.23210504987836747,0.5813662919305695,0.851774787861476,0.5093140127741999,0
0.1668518775276863,0.8937032000305936,0.3504668802286251,0.11989856366782628,0.40425138667499644,0.2949629195390626,0
0.4125419624135039,0.4820313261774799,0.3352350159427801,0.3025985712876649,0.6680314035274284,0.34147337916869847,0
0.3276976749928953,0.6809439954918977,0.349482869304,0.17469081811321605,0.6989533027098531,0.526288104656633,0
0.792571623863836,0.06937829398233404,0.8186261732584664,0.7788654205773029,0.020051183341704422,0.8733904583889563,1
0.9088441039810309,0.08911864570248924,0.6193828508420623,0.719997824743362,0.20874426067081966,0.9391854129369628,1
0.3322980207908051,0.4139616818745365,0.21127114963033852,0.4579923467708621,0.4106993717678619,0.4147875416811574,0
0.8440284175215542,0.11194642586850445,0.9741370497031459,0.8894172092540721,0.3444382702477735,0.6611132132785732,1
0.9447547746402069,0.04991332361713859,0.6399980377804655,0.9105341738957357,0.226349341903912,0.8730886750573407,1
0.572521310272735,0.07718258684254722,0.690551128195656,0.7919145104594245,0.033687150950742026,0.880054815944297,1
0.6954518409517176,0.07147888719983057,0.5346552363100044,0.8444941478564015,0.3063026104576483,0.8220781779750704,1
0.9349789179768444,0.0747751699937449,0.6236877864853826,0.7169797694807539,0.2702453959546209,0.7724672696819422,1
0.9486547348295621,0.02134647022707071,0.7529799026775927,0.8751006813553224,0.0498132102005071,0.7576637929535784,1
0.6208442717628196,0.09851700030873424,0.8232475679959603,0.7727803317886863,0.2869653905832267,0.8337698862467917,1
0.31784577535709363,0.7886320675612568,0.3692990518004156,0.24632754883370392,0.5208048433078781,0.46326774219681277,0
0.14819339054847752,0.8387611760662421,0.16328049378064555,0.5874521364051175,0.8636921731967961,0.318282809114213,0
0.8768888800804864,0.09167485126725686,0.8712671003295682,0.9111023990223919,0.04727480636607495,0.7677723718064664,1
0.08671942400217728,0.6046547029131413,0.2502407897682036,0.2677034067481735,0.3655033833320067,0.11964741792085384,0
0.6863214161012071,0.06053634557160375,0.8476826322217957,0.7321869460719095,0.1860584365529359,0.9473170955778544,1
0.9403408317850138,0.13497403955077647,0.6914349348305122,0.7918608863495827,0.3267191041986554,0.7656717763144334,1
0.3485856172610535,0.7798700186674701,0.25681994176584266,0.1561985135880065,0.6573563383257564,0.4056272647920969,0
0.5605467897989008,0.09121206909729355,0.9775358322414882,0.7381318447704146,0.2719579328853005,0.9595285263731851,1
0.43225088280158097,0.6265544022091505,0.05674393271927551,0.5004090499298751,0.6046232156321807,0.23943120253897598,0
0.5905886171464129,0.14081138206766208,0.9052018155052146,0.8304245543106565,0.03780372524048919,0.9333922121853258,1
0.07278011252108336,0.8590442419899049,0.20018001943405025,0.3188825274940642,0.9170102565490964,0.41618330939706216,0
0.6783120259886943,0.11674421600369665,0.8435959830474025,0.7534981134087554,0.10830604276129818,0.9559465075232809,1
0.5978376983753207,0.05531509309659411,0.6905231725767661,0.7287616488802926,0.12859775109983068,0.7985839012271538,1
0.27568308215757487,0.6863739476685682,0.1890439244744655,0.4975057684642352,0.3964901759332896,0.25506846807713734,0
0.22755754189351574,0.4393348145408059,0.044241931376367186,0.5887190921020061,0.547718248264398,0.5102095992683737,0
0.16846130593310504,0.7381330306543497,0.08075431007924773,0.38827249497557004,0.5076172862011612,0.17725518776944763,0
0.23380501163381717,0.4096880331235355,0.18512176605570824,0.59069166712064,0.5387525800484398,0.10010845210831056,0
0.41378258250216093,0.6281573255912862,0.222338944995881,0.39121753844414797,0.8968050897298452,0.14005438070320397,0
0.4209577012622073,0.7095242872602943,0.04180890060154395,0.28060802948790586,0.44414157448767205,0.32200371462357125,0
0.06767123640874355,0.4046455602668997,0.38862829353334866,0.18437471919911477,0.5670609871535395,0.2872318016839088,0
0.9446558314004702,0.12070124307745488,0.9041759813006822,0.7100543773506801,0.30662068987186863,0.8241335638531593,1
0.19705761763599983,0.34269340732674586,0.11209440415196968,0.2811467450001024,0.4760706655641287,0.31685507519948986,0
0.4704368513753706,0.7453628353513722,0.21186635147505292,0.4794884159270153,0.6912876418603238,0.5192791411392211,0
0.2931334393056383,0.45679981073123027,0.18025079465984822,0.5920447319832571,0.7847347454952909,0.24402680388261216,0
0.6801321323053058,0.08990896265364764,0.7793462729189113,0.9112622963768678,0.17267594424864322,0.9639696628790367,1
0.6414571222013851,0.10492226135826889,0.8692663489478432,0.7232522040837519,0.13269276663825366,0.6984842347826443,1
0.4966618079694935,0.8168508276573105,0.17607798652658457,0.3160336425333089,0.6591153356829282,0.36404555853006604,0
0.5940207698110708,0.11375689090060825,0.6052227139318612,0.8030929730279937,0.1563118996584651,0.8014503704769507,1
0.8154007076432224,0.13957959180694868,0.8867216734160255,0.9252460615170025,0.1249444319719418,0.8969574317096941,1
0.9152962210225886,0.06722278395373349,0.6939873543924958,0.9545707226640918,0.09570180445974019,0.8267666777847009,1
0.43109925099302876,0.7182144996025798,0.13586318726632413,0.3942156202267262,0.8098107683344341,0.18231531668293813,0
0.552208846849441,0.02123272439262991,0.8743284746688079,0.8466972809560304,0.365592752156152,0.7532594400905039,1
0.92658592351061,0.05041712314789798,0.8948548728865656,0.8366732785454677,0.0710244433428647,0.9598925982185962,1
0.2813429491480669,0.7407649804263211,0.15938336184558197,0.5479078657800973,0.5757142812617733,0.20394068973762866,0
0.4897759696549013,0.4972935707091656,0.2828536433711818,0.5432977207511992,0.681622334027324,0.21923517769994938,0
0.10395099206272045,0.3357522584118862,0.2273644681489498,0.27048098682149424,0.4428716209076672,0.22620477914202491,0
0.1959482198081831,0.517789704242323,0.09321703066494613,0.20538154971495312,0.7447699467227553,0.2642714050116707,0
0.0929124145728516,0.5361332016637894,0.2771145487499525,0.2348150043835914,0.6843510999910464,0.2932515536854162,0
0.7717416210045602,0.04761483031389245,0.636738992941723,0.8840546692436431,0.044964046402659,0.9149906837460862,1
0.6980634801021778,0.14454984444572372,0.7130001052661942,0.733282972842073,0.26477670416084803,0.8798218363219154,1
0.1440767181680807,0.4892182459596705,0.37346277708776904,0.12438315940657022,0.4134830149139085,0.19687107060362546,0
0.9319461122652776,0.06952989062569268,0.7332184444094363,0.9853919925205843,0.17124201132271105,0.9080467924621265,1
0.6146514856378456,0.09068037042335383,0.5176022849281007,0.9628138283511006,0.304485188967956,0.7139748124191746,1
0.06459955072123413,0.8675825339073597,0.04600746951219793,0.280029950965363,0.7651564179599551,0.3103243009515665,0
0.38784634214497504,0.3975964890632911,0.09755331123918891,0.5058135072224268,0.6183816537515603,0.3949461902982976,0
0.8589273566942557,0.1314211881343723,0.5658126587499195,0.7029380433680456,0.37451144777647544,0.8359247602796719,1
0.6123978081344811,0.07450902752458159,0.8697955605477408,0.9246495240425427,0.25019611479202236,0.9248340243401294,1
0.7588973040219218,0.038697801358214934,0.8207421433064077,0.9299277815198134,0.2172322664492285,0.6719663602116935,1
0.34782556330129916,0.7344175132637527,0.05304746769725456,0.224143739815423,0.9057157918487759,0.40208699060392594,0
0.19862810037593798,0.7066339447207923,0.32316577890960757,0.20575337464088403,0.9312888143466826,0.42828463988939736,0
0.39067165161438144,0.792292550688165,0.34241927427438057,0.533999795947545,0.4150402236299736,0.3565842471099121,0
0.7362392072529841,0.10138445509926244,0.6901628919724425,0.7305873729874228,0.06725999162019389,0.7779826096725873,1
0.7694935157466345,0.14787776785472684,0.5988037808176487,0.7097479440531519,0.3389486270952809,0.7029205840195153,1
0.4623892450394298,0.31511945689264176,0.31212390991775496,0.3503097661669655,0.8706338916830554,0.19309234394002953,0
0.09646925399377179,0.34631251813588076,0.14458027839661095,0.4412558650581001,0.8553162385238687,0.24078008260255068,0
0.2749815463841548,0.33613616694017845,0.3498322581577431,0.3297814887527609,0.5804114443789749,0.32721976184023005,0
0.926092096569983,0.03327967162585112,0.9031334253760257,0.8306017838825697,0.28893411310166045,0.9212042123731685,1
0.4686792890761965,0.8793833851600803,0.37770706925902264,0.5547822136901506,0.7271023400501406,0.23644368719185374,0
0.7249899688094916,0.08104548272651706,0.7284887020970079,0.8620062949706233,0.233587661872977,0.8701800712740797,1
